nid,title,category,full_path,cnn_valid,cnn_emb_idx
542663,"EDGARD STEPHENS, PROFESSOR OF ENVIRONMENTAL SCIENCE AT THE STATEWIDE AIR POLLUTION RESEARCH CENTER, USING OPTICAL PARTICLE COUNTER",Pollution and Environmental Damage,data/documerica_subset\542663.jpg,True,0
542673,SMOG OVER LOS ANGELES IS MONITORED BY SCIENTISTS FROM NASA AND STATEWIDE AIR POLLUTION RESEARCH CENTER. THEY ARE TAKING HYDROCARBON SAMPLES THROUGH NOSE OF NASA-SUPPLIED PLANE,Pollution and Environmental Damage,data/documerica_subset\542673.jpg,True,1
542728,HOLIDAY CROWDS VISIT GENERAL SHERMAN TREE,Nature and Wildlife,data/documerica_subset\542728.jpg,True,2
542759,AIR POLLUTION CONTROL DEPARTMENT OFFICERS MEL SCHRECKENGOST AND DICK FEHRENBACK DISCUSSING CITATION WITH DRIVER OF VIOLATING TRUCK,Transportation and Infrastructure,data/documerica_subset\542759.jpg,True,3
542766,AIR POLLUTION CONTROL CENTER,Urban Landscape,data/documerica_subset\542766.jpg,True,4
542883,CALIFORNIA--MOONSTONE BEACH,Rural Landscape,data/documerica_subset\542883.jpg,True,5
543371,"Packing Expedition Of Explorer Post 397 Of Los Angeles Area. Hike Started At 7500 Ft., Finished At Frozen Monarch Lake (11,200 ft.)",Nature and Wildlife,data/documerica_subset\543371.jpg,True,6
543533,Scum Along Lake Shore,Pollution and Environmental Damage,data/documerica_subset\543533.jpg,True,7
543584,Condominium Construction,Pollution and Environmental Damage,data/documerica_subset\543584.jpg,True,8
543750,"SETTLING POND WHERE WASTES ARE ALLOWED TO ""SETTLE OUT"" FROM MILLING PROCESS AT IDARADO MILL",Pollution and Environmental Damage,data/documerica_subset\543750.jpg,True,9
543756,ACID AND RADIUM 226 LEAK FROM URANIUM MILL TAILINGS POND INTO THE SAN MIGUEL RIVER,Pollution and Environmental Damage,data/documerica_subset\543756.jpg,True,10
543765,OPEN DUMP IN THE SAN JUAN MOUNTAINS. THE SAN MIGUEL RIVER FLOWS PAST THE DUMP,Pollution and Environmental Damage,data/documerica_subset\543765.jpg,True,11
543848,MILL AND MINE TAILINGS PILES LEFT FROM ABANDONED GOLD MILL,Industrial Site,data/documerica_subset\543848.jpg,True,12
544102,PHELPS LODGE CORP.'S ABANDONED MINE TOWER AT THE LAVENDER PIT MINE,Pollution and Environmental Damage,data/documerica_subset\544102.jpg,True,13
544115,ARIZONA--LAKE POWELL,Transportation and Infrastructure,data/documerica_subset\544115.jpg,True,14
544135,STRIP MINING OPERATIONS AT THE NAVAJO MINE OF THE UTAH CONSTRUCTION AND MINING COMPANY. THE NAVAJO MINE SERVICES THE FOUR CORNERS GENERATING PLANT,Pollution and Environmental Damage,data/documerica_subset\544135.jpg,True,15
544235,CITIZENS PROTEST FURTHER DESTRUCTION OF MISSISSIPPI RIVER BANK. THEY WANT THE AREA PRESERVED AS A PARK,Industrial Site,data/documerica_subset\544235.jpg,True,16
544357,NAVAHO BOY LEANS AGAINST TOWER OF DISCARDED TIRES. LACK OF DISPOSAL FACILITIES IS A COMMON PROBLEM IN REMOTE AREAS OF THE NAVAHO RESERVATION,Agriculture and Farming,data/documerica_subset\544357.jpg,True,17
544537,SHARK VALLEY RANGER STATION,Transportation and Infrastructure,data/documerica_subset\544537.jpg,True,18
544647,LITTER LEFT BY VISITORS IN THE TAMIAMI CANAL AREA BESIDE EVERGLADES NATIONAL PARK,Pollution and Environmental Damage,data/documerica_subset\544647.jpg,True,19
544704,SETTING SUN AMID SMOKE CLOUD,Industrial Site,data/documerica_subset\544704.jpg,True,20
544895,NARROW GORGE CARVED IN THE SANDSTONE OF ESCALANTE CANYON,Nature and Wildlife,data/documerica_subset\544895.jpg,True,21
544965,"JELLYFISH, AND THEIR ABILITY TO FLUORESCE, IS THE RESEARCH ENGAGING THIS GRADUATE STUDENT AT THE MARINE BIOLOGY LABORATORY OF THE UNIVERSITY OF WASHINGTON",Pollution and Environmental Damage,data/documerica_subset\544965.jpg,True,22
544970,"SMOKE FROM LUMBER MILL'S ""TEEPEE"" BURNER OBSCURES ADMINISTRATION BUILDING",Pollution and Environmental Damage,data/documerica_subset\544970.jpg,True,23
545304,"ABANDONED CAR IN CLEAR CREEK CANYON, NEAR DUMONT",Transportation and Infrastructure,data/documerica_subset\545304.jpg,True,24
545435,CHIMNEYS OF U.S. STEEL PLANT EMIT SMOKE 24 HOURS A DAY,Pollution and Environmental Damage,data/documerica_subset\545435.jpg,True,25
545483,ENLARGED LUNG OF EMPHYSEMA VICTIM. SEVERE AIR POLLUTION INCREASES RISK OF RESPIRATORY AND PULMONARY DISEASES AMONG WORKERS OF THE BIRMINGHAM AREA,Pollution and Environmental Damage,data/documerica_subset\545483.jpg,True,26
545506,TRASH PILES HIGH IN BIRMINGHAM STREET,Urban Landscape,data/documerica_subset\545506.jpg,True,27
545515,MEMBER OF WEEKEND TRIP TO BANKHEAD NATIONAL FOREST. GASP (GREATER SOCIETY TO STOP POLLUTION) ORGANIZED THE TRIP TO DRAMATIZE BATTLE AGAINST CLEAR-CUTTING HERE. BANKHEAD NATIONAL FOREST IS 90 MILES NORTH OF BIRMINGHAM,Nature and Wildlife,data/documerica_subset\545515.jpg,True,28
545663,"EPA MAN CHECKS LOG BOOM FOR LEAKAGE OF OIL AND DEBRIS FOLLOWING A MASSIVE OIL SPILL INTO THE SAN JUAN RIVER. ORIGIN OF THE SPILL WAS A BURST PIPELINE, 200 MILES UPSTREAM. MADE CHIEFLY OF TELEPHONE POLES, THE BOOM HELD THE OIL IN CHECK UNTIL FLOOD CONDITIONS CAUSED IT TO OVERFLOW INTO LAKE POWELL. CLEAN-UP OPERATIONS, INVOLVING CREWS FROM PIPELINE COMPANY, ARMY, COAST GUARD, AND OTHER AGENCIES WERE SUPERVISED BY EPA",Pollution and Environmental Damage,data/documerica_subset\545663.jpg,True,29
545677,"UNLOADING OIL LADEN DEBRIS: PART OF EPA SUPERVISED CLEAN-UP OF THE SAN JUAN RIVER OIL SPILL. 285,000 GALLONS OF CRUDE OIL SPILLED FROM A BURST PIPELINE AND FLOWED 200 MILES DOWNSTREAM BEFORE IT WAS CONTAINED BY A LOG BOOM. THIS DISPOSAL SITE WAS DUG IN A HILLTOP ABOUT A QUARTER MILE FROM THE BOOM",Pollution and Environmental Damage,data/documerica_subset\545677.jpg,True,30
545775,"EKKER BUTTE RISES IN THE CRYSTAL AIR OF CANYONLANDS NATIONAL PARK. THE SMALLER ARCHES NATIONAL PARK LIES JUST TO THE NORTH OF THE TOWN. BATES WILSON, SUPERINTENDENT OF BOTH PARKS, SAYS THEIR MOST IMPORTANT FEATURE AT THIS TIME IS THEIR CLEAR ATMOSPHERE. HE FEARS THIS WILL BE HARMED SOON BY THE OPERATION OF GIANT COAL-BURNING POWER PLANTS IN UTAH AND ADJOINING STATES. SOME PEOPLE FEEL THAT THE AIR IS ALREADY BEGINNING TO SUFFER FROM THE EFFECTS OF THE HUGE PLANT AT SHIPROCK, NEW MEXICO",Rural Landscape,data/documerica_subset\545775.jpg,True,31
545971,A NATURAL GAS INSTALLATION BURNS ITS PETRO WASTE MARSHLANDS IN FOREGROUND NEAR THE FREEPORT SULPHUR CO. PIPELINE CANAL,Pollution and Environmental Damage,data/documerica_subset\545971.jpg,True,32
546060,"BAYOU SEGNETTE SWAMPLAND, WHICH HAS BEEN DEVASTATED BY RUNOFF PETROLEUM SLUDGE FROM A NEARBY NATURAL GAS INSTALLATION STUMPS OF GIANT VIRGIN CYPRESS TREES ATTEST TO THE RAVAGES OF INDUSTRIAL POLLUTION",Pollution and Environmental Damage,data/documerica_subset\546060.jpg,True,33
546138,CLOSE-UP OF GARBAGE AND TINY DEAD FISH WHICH WERE WASHED ASHORE ALONG LAKE CHARLES. MERCURY CONTENT OF THE LAKE IS HIGH BECAUSE OF HEAVY CONCENTRATION OF INDUSTRY NEARBY,Pollution and Environmental Damage,data/documerica_subset\546138.jpg,True,34
546237,SULPHUR FUMES POUR OUT OF THE SMOKESTACKS OF THE OLIN MATHIESON CHEMICAL PLANT,Pollution and Environmental Damage,data/documerica_subset\546237.jpg,True,35
546252,"CONSTRUCTION OF I-55, NORTH OF DURANT. WATER IS BEING SPRAYED ON ROADWAY BASE AND ON STEEL RODS. THE STEEL ROD USED HERE FOR REINFORCEMENT, WERE MADE FROM SHREDDED AUTOMOBILES",Pollution and Environmental Damage,data/documerica_subset\546252.jpg,True,36
546261,"COMPACTED OLD CARS ON FLATBED TRUCK ARE READY FOR THE SHREDDER (IN BACKGROUND), AT THE KLEAN STEEL MANUFACTURING CORPORATION IN FLOWOOD. MR. V.T. HAWKINS, DIRECTOR OF SOLID WASTE PLANNING, STATE BOARD OF HEALTH, IS ALONGSIDE THE TRUCK",Transportation and Infrastructure,data/documerica_subset\546261.jpg,True,37
546423,IRWIN MANAGEMENT OFFICES,Urban Landscape,data/documerica_subset\546423.jpg,True,38
546582,"LOOKING SOUTH, WHITE HOUSE TO POTOMAC RIVER",Urban Landscape,data/documerica_subset\546582.jpg,True,39
546599,"PARKING AREA AT WOODWARD HIGH SCHOOL ON OLD GEORGETOWN ROAD IN BETHESDA, MD",Transportation and Infrastructure,data/documerica_subset\546599.jpg,True,40
546621,METRO SUBWAY CONSTRUCTION ADDS TO CITY TRAFFIC PROBLEMS,Transportation and Infrastructure,data/documerica_subset\546621.jpg,True,41
546632,"MECHANICS AT WORK AT ""CALL CARL,"" COMPUTERIZED CENTER",Pollution and Environmental Damage,data/documerica_subset\546632.jpg,True,42
546651,"PARK AND RIDE STATION AT SPRINGFIELD, VA. THESE WIND CHILLED MEN ARE WAITING FOR THE PENTAGON BUS",People and Community,data/documerica_subset\546651.jpg,True,43
546687,"NEW TRAFFIC ""MIXING BOWL"" (NEAR PENTAGON), LOOKING WEST",Transportation and Infrastructure,data/documerica_subset\546687.jpg,True,44
546847,"DON MILLER, OF THE MARYLAND WATER RESOURCES ADMINISTRATION, CHECKS WATER OF STONY RUN AFTER ACCIDENTAL SPILLAGE OF 4000 GALLONS OF OIL",Pollution and Environmental Damage,data/documerica_subset\546847.jpg,True,45
546855,A REST AND A CHAT ON A PARK BENCH,People and Community,data/documerica_subset\546855.jpg,True,46
546869,"LONGSHOREMAN UNLOADS CARGO AT DUNDALK MARINE TERMINAL, A MARYLAND PORT AUTHORITY FACILITY, IN BALTIMORE HARBOR",Transportation and Infrastructure,data/documerica_subset\546869.jpg,True,47
546910,"CONTAINER CARGO IS UNLOADED AT DUNDALK MARINE TERMINAL, A MARYLAND PORT AUTHORITY FACILITY",Transportation and Infrastructure,data/documerica_subset\546910.jpg,True,48
547038,LAKE MICHIGAN STORM HAS RIPPED SIDING FROM HOUSE AND TORN UP THE YARD IN ZION,Rural Landscape,data/documerica_subset\547038.jpg,True,49
547100,WAVES POUND SEAWALL IN MICHIGAN CITY,Urban Landscape,data/documerica_subset\547100.jpg,True,50
547165,A GUARD IS POSTED ON THE ONLY ACCESS ROAD TO THE LAKESIDE COMMUNITY OF DUNE ACRES,People and Community,data/documerica_subset\547165.jpg,True,51
547172,STEEL MILL WASTE ALONG THE SOUTHERN SHORE OF LAKE MICHIGAN,Pollution and Environmental Damage,data/documerica_subset\547172.jpg,True,52
547381,"AUCTIONEER DOES BRISK BUSINESS AT THE HICKMAN SATURDAY AUCTION, 15 MILES SOUTH OF LINCOLN",Agriculture and Farming,data/documerica_subset\547381.jpg,True,53
547877,PLUM BEACH AT SHEEPSHEAD BAY,Pollution and Environmental Damage,data/documerica_subset\547877.jpg,True,54
547878,Garbage Outside a Seafood Restaurant in Sheepshead Bay,Pollution and Environmental Damage,data/documerica_subset\547878.jpg,True,55
547983,DUMPING GARBAGE IN LANDFILL OPERATION ON JAMAICA BAY INCREASED WATER POLLUTION AS WELL AS SERIOUS ECOLOGICAL DAMAGE IS FEARED,Pollution and Environmental Damage,data/documerica_subset\547983.jpg,True,56
548159,SOIL CONSERVATION SERVICE SIGN AT TILLY JANE CAMPGROUND ON MT. HOOD. FEDERAL AND STATE COOPERATIVE SNOW SURVEYS ARE CARRIED OUT HERE,Nature and Wildlife,data/documerica_subset\548159.jpg,True,57
548301,"FISHERMEN AT PASS MANCHAC. SINCE THE RECENT OPENING OF THE BONNET CARRE SPILLWAY, MUDDY AND POLLUTED MISSISSIPPI RIVER WATER HAS ENTERED THE BRACKISH LAKES PONTCHARTRAIN AND MAUREPAS MANCHAC IS DIRECTLY BETWEEN THE TWO LAKES, AND FISHING HAS SUFFERED WITH THE DECLINE IN WATER QUALITY",Transportation and Infrastructure,data/documerica_subset\548301.jpg,True,58
548485,LOOKING TO THE NORTHWEST FROM THE CENTER OF NEPTUNE ROAD,Nature and Wildlife,data/documerica_subset\548485.jpg,True,59
548555,SAILING ON ONE OF THE LAKES IN THE CENTURY VILLAGE RETIREMENT COMMUNITY,Transportation and Infrastructure,data/documerica_subset\548555.jpg,True,60
548687,"IF YOU LOOK VERY HARD, AND HAVE A GOOD GUIDE TO THE AREA, YOU CAN FIND ONE OF THE PRIZED MAHOGANY TREES FOR WHICH KEY LARGO WAS FAMOUS. DURING THE 18TH AND 19TH CENTURIES ENGLISH CABINET MAKERS USED THESE TREES TO CREATE FINE FURNITURE. THE TREES ARE SCARCER NOW, OWING TO EXTENSIVE LAND DEVELOPMENT",Rural Landscape,data/documerica_subset\548687.jpg,True,61
548702,"MANGROVE TREES GROWING OFF-SHORE FROM THE STATE PARK AT LONG KEY. MANGROVES, IMPORTANT TO THE AREA'S ECOSYSTEM, HAVE BEEN CLEARED OUT IN GREAT NUMBERS BY LAND DEVELOPERS. STUDIES INDICATE THAT THE REMOVAL OF THE TREES, AMONG OTHER HARMFUL EFFECTS THREATENS THE FOOD CHAIN NECESSARY TO MARINE LIFE AND, THEREFORE ENDANGERS THE LOCAL FISHERIES",Rural Landscape,data/documerica_subset\548702.jpg,True,62
548711,"ONE OF THE MANY SPECIES OF CORAL AT JOHN PENNEKAMP CORAL REEF STATE PARK, A FEW MILES OFF KEY LARGO",Pollution and Environmental Damage,data/documerica_subset\548711.jpg,True,63
548786,"A SMALL, PRIVATELY-OWNED KEY NEAR SUMMERLAND KEY. NOTE FINE BEACH",Pollution and Environmental Damage,data/documerica_subset\548786.jpg,True,64
549045,"SMILING PARTICIPANT IN THE ""JUNIOR RODEO"", SPONSORED BY THE PARKER INDIAN RODEO ASSOCIATION AND HELD ON THE COLORADO RIVER INDIAN RESERVATION",Agriculture and Farming,data/documerica_subset\549045.jpg,True,65
549054,FISHERMAN NEAR EL CENTRO,Agriculture and Farming,data/documerica_subset\549054.jpg,True,66
549303,"OUTFLOW OF DRAINAGE FROM THE WORLD TRADE CENTER, NEW YORK'S LATEST GIANT, UNDER CONSTRUCTION BETWEEN VESEY AND LIBERTY STREETS IN LOWER MANHATTAN. THERE IS NO PROVISION FOR WASTE TREATMENT. AS IS THE CASE WITH ALL WESTSIDE BUILDINGS, SEWAGE WILL GO DIRECTLY INTO THE ALREADY BADLY POLLUTED HUDSON RIVER",Urban Landscape,data/documerica_subset\549303.jpg,True,67
549766,"APARTMENTS OF ""CO-OP CITY,"" A VAST HOUSING DEVELOPMENT IN THE BRONX, NOT FAR FROM PELHAM. THESE BUILDINGS STAND ON THE EDGE OF A LANDFILL DUMP, WHERE GARBAGE CONTINUES TO PILE UP ALTHOUGH THE AREA HAS ALREADY EXCEEDED ITS DUMPING CAPACITY",Urban Landscape,data/documerica_subset\549766.jpg,True,68
549774,"ILLEGAL DUMPING AREA OFF THE NEW JERSEY TURNPIKE, FACING MANHATTAN ACROSS THE HUDSON RIVER. TO THE SOUTH IS THE LANDFILL SITE OF THE PROPOSED LIBERTY STATE PARK",Pollution and Environmental Damage,data/documerica_subset\549774.jpg,True,69
549789,LOT BEHIND APARTMENT HOUSE AT LEXINGTON AVENUE AND 105TH STREET IS STREWN WITH ASSORTED TRASH,Pollution and Environmental Damage,data/documerica_subset\549789.jpg,True,70
549817,"GARBAGE IS TOWED DOWN THE EAST RIVER TO STATEN ISLAND LANDFILL, MANHATTAN IN BACKGROUND",Pollution and Environmental Damage,data/documerica_subset\549817.jpg,True,71
550001,COPLEY SQUARE AT 9 A.M. JOHN HANCOCK BUILDING AND TRINITY CHURCH,Urban Landscape,data/documerica_subset\550001.jpg,True,72
550024,"Shawmut Avenue in Roxbury Section, Looking toward Copley Square. John Hancock Building at Rear",Urban Landscape,data/documerica_subset\550024.jpg,True,73
550128,AMISH SHOPPER ON BUSY THOROUGHFARE IN MIDDLEFIELD,Urban Landscape,data/documerica_subset\550128.jpg,True,74
550134,CLEVELAND ON LAKE ERIE,Industrial Site,data/documerica_subset\550134.jpg,True,75
550144,OLD VICTORIAN HOUSE AT 2904 CLINTON STREET IS BEING RESTORED AS PART OF THE OHIO CITY AREA RENEWAL PROJECT,Urban Landscape,data/documerica_subset\550144.jpg,True,76
550257,VACANT AND ABANDONED HOMES IN INNER CITY INVITE ARSON VANDALISM AND DUMPING,Pollution and Environmental Damage,data/documerica_subset\550257.jpg,True,77
550582,"VIEW SOUTHEAST TOWARD DELTA JUNCTION. THIS SMALL TOWN LIES AT THE MAIN HIGHWAY INTERSECTION OF THE ALASKA HIGHWAY (THE ALCAN) AND ALASKA'S RICHARDSON HIGHWAY, WHICH LINKS FAIRBANKS AND VALDEZ THE SOUTHERN TERMINUS OF THE PIPELINE",Pollution and Environmental Damage,data/documerica_subset\550582.jpg,True,78
550630,"CHUGACH PEAKS SOUTH OF THE RICHARDSON HIGHWAY. VIEW SOUTH HERE, THE PIPELINE ROUTE RUNS LEFT TO RIGHT, EAST TO WEST, ALONG THE CLEARED CUT ABOVE THE RIVER",Pollution and Environmental Damage,data/documerica_subset\550630.jpg,True,79
550645,"GLACIERS GUARDING THE ENTRANCE TO THOMPSON PASS. VIEW SOUTH. BECAUSE THE VALLEYS THROUGH WHICH THE PIPELINE AND HIGHWAY RUN ARE SO STEEP, THESE GLACIERS ARE INVISIBLE FROM THE VALLEY FLOOR",Pollution and Environmental Damage,data/documerica_subset\550645.jpg,True,80
550665,"FISHING IN THE ANDROSCOGGIN RIVER IN THE ""13-MILE WOOD"" AREA NEAR ERROL. THE RIVER RISES IN NEARBY LAKE UMBAGOG ON THE MAINE-NEW HAMPSHIRE BOUNDARY",Pollution and Environmental Damage,data/documerica_subset\550665.jpg,True,81
550673,"VIEW NORTH ALONG THE ANDROSCOGGIN RIVER FROM THE BROWN PAPER COMPANY, ONE OF THE CITY'S INDUSTRIAL PLANTS",Industrial Site,data/documerica_subset\550673.jpg,True,82
550753,"ALGAE COLLECT INSIDE BAYS OF THE FOX RIVER BETWEEN APPLETON AND GREEN BAY. THERE ARE 19 SOURCES OF INDUSTRIAL POLLUTION ALONG THIS 40-MILE STRETCH. THE PROBLEM IS COMPOUNDED BY ALGAE IN LAKE WINNEBAGO, WHICH DIES IN THE LAKE, DECOMPOSE IN THE RIVER, AND PASS INTO THE BAY",Pollution and Environmental Damage,data/documerica_subset\550753.jpg,True,83
550782,ONE OF THE MANY SWAMPS OF NORTHEASTERN WISCONSIN THAT CONTRIBUTE TO THE HEADWATERS OF THE WISCONSIN RIVER,Rural Landscape,data/documerica_subset\550782.jpg,True,84
550812,PEPSI CANS AND OTHER LITTER NEAR THE BANKS OF THE WISCONSIN RIVER AT MERRILL,Pollution and Environmental Damage,data/documerica_subset\550812.jpg,True,85
550870,CHARMIN PAPER COMPANY AT GREEN BAY CONTRIBUTES ITS SHARE OF SMOKE AND SULFITE ODOR TO THE HEAVILY INDUSTRIALIZED BAY AREA. THE LEADING INDUSTRY HERE IS PAPER AND PAPER PRODUCTS,Pollution and Environmental Damage,data/documerica_subset\550870.jpg,True,86
550938,SMOKESTACK OF THE DU POINT CHEMICAL PLANT ON THE HOUSTON SHIP CHANNEL,Pollution and Environmental Damage,data/documerica_subset\550938.jpg,True,87
550975,"GLEN FERRIS, ON THE KANAWHA RIVER NEAR GAULEY BRIDGE, IS A POPULAR SPOT FOR CAMPING AND FISHING",Pollution and Environmental Damage,data/documerica_subset\550975.jpg,True,88
551052,LOOKING UP THE KANAWHA RIVER VALLEY FROM DEEP WATER TOWARD ALLOY WHERE SMOKE FROM UNION CARBIDE'S FERROALLOY PLANT RISES HIGH INTO THE AIR,Pollution and Environmental Damage,data/documerica_subset\551052.jpg,True,89
551072,RESIDENTIAL STREET IN WEST BELLE. DUPONT PLANT IN BACKGROUND,Industrial Site,data/documerica_subset\551072.jpg,True,90
551089,"RALEIGH JUNK COMPANY, A LARGE SCRAP METAL OPERATION ON THE KANAWHA RIVER AT RIVERSIDE",Pollution and Environmental Damage,data/documerica_subset\551089.jpg,True,91
551173,MONSANTO CHEMICAL COMPANY AT NITRO ON THE KANAWHA RIVER INTERSTATE 64 CROSSES THE RIVER JUST BELOW THE PLANT. IN THE DISTANCE ARE THE CHIMNEYS AND COOLING TOWERS OF THE JOHN AMOS POWER PLANT,Industrial Site,data/documerica_subset\551173.jpg,True,92
551280,FISHERMAN LAUNCHES HIS BOAT INTO THE GRAND GLAIZE ARM OF THE LAKE FROM THE CAMP-GROUNDS IN LAKE OF THE OZARKS STATE PARK,Nature and Wildlife,data/documerica_subset\551280.jpg,True,93
551389,"ANNUAL SMELT RUN AT SINGING BRIDGE, TAWAS CITY. IN MID-APRIL THOUSANDS OF FISHERMEN GATHER AT WHITNEY DRAIN, A MANMADE CANAL ON LAKE HURON, TO DIPNET FOR THESE SMALL FISH. FOG DOES NOT DETER THE FISHERMEN",Pollution and Environmental Damage,data/documerica_subset\551389.jpg,True,94
551402,"ANNUAL SMELT RUN AT SINGING BRIDGE, TAWAS CITY. IN MID-APRIL THOUSANDS OF FISHERMEN GATHER AT WHITNEY DRAIN, A MANMADE CANAL ON LAKE HURON, TO DIPNET FOR THESE SMALL FISH. FISHERMEN, WAITING FOR THE NEXT RUN, ENJOY A CAMP FIRE",People and Community,data/documerica_subset\551402.jpg,True,95
551403,"ANNUAL SMELT RUN AT SINGING BRIDGE, TAWAS CITY. IN MID-APRIL THOUSANDS OF FISHERMEN GATHER AT WHITNEY DRAIN, A MANMADE CANAL ON LAKE HURON, TO DIPNET FOR THESE SMALL FISH. DIPNETTING AT NIGHT",People and Community,data/documerica_subset\551403.jpg,True,96
551496,"THE ATTRACTIVE LIGHTING AND WELL-KEPT SHRUBS, TREES AND FLOWERS MAKE NICOLLET MALL A QUIET OASIS IN THE CITY",Urban Landscape,data/documerica_subset\551496.jpg,True,97
551712,"STAIRWAY TO CARL SCHURZ PARK, BETWEEN EAST END AVENUE AND THE EAST RIVER IN MANHATTAN'S UPPER EAST SIDE. THE PARK, WHICH EXTENDS FROM 84TH STREET TO 90TH STREET AND AFFORDS SUPERB VIEWS OF THE RIVER TRAFFIC BELOW, IS ALSO THE SITE OF HISTORIC GRACIE MANSION NOW THE RESIDENCE OF THE MAYOR OF NEW YORK",Urban Landscape,data/documerica_subset\551712.jpg,True,98
551790,MUNICH'S LARGE AND BEAUTIFUL FUSSGANGERZONE (PEDESTRIAN ZONE) HAS RETURNED THE CITY'S COMMERCIAL AND CULTURAL CENTER TO THE PEOPLE. IT IS TOTALLY TRAFFIC FREE. NOT EVEN BICYCLE RIDING IS PERMITTED,Urban Landscape,data/documerica_subset\551790.jpg,True,99
551875,"AUTOMATIC VENDORS SELL TICKETS FOR PUBLIC TRANSPORTATION--BUS, TROLLEY, SUBWAY AND SCHNELLBAHN (EXPRESS) DATE AND TIME ARE RECORDED ON THE TICKET WHEN IT IS INSERTED INTO THE PUNCHER MARKED ""E."" NO TRANSFERS ARE NEEDED",Industrial Site,data/documerica_subset\551875.jpg,True,100
551914,TRUCK DELIVERY IS SO SLOW ON THE INNER CITY'S NARROW STREETS THAT MANY DELIVERIES ARE MADE ON FOOT,Urban Landscape,data/documerica_subset\551914.jpg,True,101
551996,AUTO WRECKERS AND AUTO JUNK-YARD ON MERIDITH AVENUE UNWANTED AUTOMOBILE BODIES AND PARTS ARE DUMPED INTO ARTHUR KILL,Pollution and Environmental Damage,data/documerica_subset\551996.jpg,True,102
552061,"OUTFALL FROM THE SHAWNEE AVENUE PUMPING PLANT INTO THE KANSAS RIVER, JUST DOWN-STREAM FROM THE KANSAS CITY RAILROAD TERMINAL BRIDGE. DISCHARGE CONTAINS A CHEMICAL THAT HAS CAUSED THE RED DISCOLORATION",Pollution and Environmental Damage,data/documerica_subset\552061.jpg,True,103
552077,12TH STREET IN THE EARLY MORNING LOOKING SOUTH TOWARD THE KANSAS RIVER. JUNK CARS ARE BEING BROUGHT TO A LOCAL FACTORY WHICH PROCESSES SCRAP METAL,Transportation and Infrastructure,data/documerica_subset\552077.jpg,True,104
552092,THE OWNER OF THIS HUGE JUNK SHOP ON THE KANSAS RIVER IN BONNER SPRING DIED IN 1971. NOW THERE IS ONLY THE RIVER AND THE JUNK EACH DAY THE RIVER CLAIMS A SMALL PART,Urban Landscape,data/documerica_subset\552092.jpg,True,105
552120,"WARREN FREEMAN, 50, BUILT A COTTAGE ON AN ISLAND IN THE KANSAS RIVER. THE ISLAND LIES BETWEEN THE 18TH STREET AND EAST KANSAS AVENUE BRIDGES. UNEMPLOYMENT CHECKS AND FISHING ARE HIS PRESENT MEANS OF SUPPORT. FREEMAN IS LOADING HIS BOAT ON AN AUTOMOBILE TRAILER",Pollution and Environmental Damage,data/documerica_subset\552120.jpg,True,106
552193,BLACK SMOKE POURING FROM CROWN ZELLERBACH KRAFT PULP MILL,Pollution and Environmental Damage,data/documerica_subset\552193.jpg,True,107
552282,"CRAB NETTING AT BRINNON TIDE FLAT ON THE HOOD CANAL BRINGS OUT LARGE CROWDS DURING THE SPRING AND SUMMER MINUS TIDES. CATCH IS MAINLY DUNGENESS CRABS, WHICH MUST MEASURE SIX INCHES ACROSS THE SHELL. ONLY THE MALE CRABS MAY BE RETAINED",Pollution and Environmental Damage,data/documerica_subset\552282.jpg,True,108
552369,"LOS ANGELES REACTIVE POLLUTANT PROGRAM (LARPP), A UNIQUE MULTI-AGENCY AIR POLLUTION RESEARCH STUDY SPONSORED BY THE COORDINATING RESEARCH COUNCIL, A GOVERNMENT-INDUSTRY RESEARCH GROUP",Agriculture and Farming,data/documerica_subset\552369.jpg,True,109
552378,"LOS ANGELES REACTIVE POLLUTANT PROGRAM (LARPP), A UNIQUE MULTI-AGENCY AIR POLLUTION RESEARCH STUDY SPONSORED BY THE COORDINATING RESEARCH COUNCIL, A GOVERNMENT-INDUSTRY RESEARCH GROUP",Transportation and Infrastructure,data/documerica_subset\552378.jpg,True,110
552390,"THE LOS ANGELES REACTIVE POLLUTANT PROGRAM (LARPP), IS A UNIQUE, MULTI-AGENCY AIR POLLUTION RESEARCH STUDY SPONSORED BY THE COORDINATING RESEARCH COUNCIL, A GOVERNMENT-INDUSTRY RESEARCH GROUP. AT THE OPERATIONS CENTER IN EL MONTE, THE ENTIRE PROJECT IS PLOTTED, MAPPED, AND RECORDED BY PERSONNEL FROM EPA AND METRONICS CORPORATION",Transportation and Infrastructure,data/documerica_subset\552390.jpg,True,111
552674,"FAIRVIEW CHURCH AND SCHOOL ARE ABANDONED NOW. IN THE 1950'S FIFTY-SIX STUDENTS ATTENDED FAIRVIEW SCHOOL (TO THE RIGHT OF THE CHURCH) AND FAIRVIEW WAS THE COMMUNITY CENTER FOR THE FARM PEOPLE IN THE AREA. WHEN SMALL RANCHES COULD NO LONGER SUPPORT THEIR OWNERS, MANY HAD TO LEAVE",Rural Landscape,data/documerica_subset\552674.jpg,True,112
552788,"EXHIBIT AT THE FIRST SYMPOSIUM ON LOW POLLUTION POWER SYSTEMS DEVELOPMENT HELD AT THE MARRIOTT MOTOR INN, ANN ARBOR VEHICLES AND HARDWARE WERE ASSEMBLED AT THE EPA ANN ARBOR LABORATORY. PART OF THE EXHIBIT WAS HELD IN THE MOTEL PARKING LOT SEEN HERE ARE SYMPOSIUM PARTICIPANTS WITH GENERAL MOTORS GASOLINE POWERED VEHICLE (FOREGROUND) AND, IN BACKGROUND, THE EPA/WILLIAMS TURBINE CAR",Transportation and Infrastructure,data/documerica_subset\552788.jpg,True,113
552806,IN THE SPRING OF 1973 THE MISSISSIPPI RIVER REACHED ITS HIGHEST LEVEL IN MORE THAN 150 YEARS. UNPRECEDENTED FLOODING OCCURRED THROUGHOUT THE RIVER BASIN. PARTICULARLY AFFECTED WERE THE MARSH AREAS BELOW NEW ORLEANS AND THE ENTIRE ATCHAFALAYA RIVER BASIN LAFITTE SHRIMP FISHERMAN WEAVES NET. THREE WEEKS EARLIER THIS AREA WAS UNDER FLOOD WATER,Pollution and Environmental Damage,data/documerica_subset\552806.jpg,True,114
552828,IN THE SPRING OF 1973 THE MISSISSIPPI RIVER REACHED ITS HIGHEST LEVEL IN MORE THAN 150 YEARS. UNPRECEDENTED FLOODING OCCURRED THROUGHOUT THE RIVER BASIN. PARTICULARLY AFFECTED WERE THE MARSH AREA BELOW NEW ORLEANS AND THE ENTIRE ATCHAFALAYA RIVER BASIN STEVENSVILLE ROAD HOUSE NEAR MORGAN CITY FLOODED BY WATERS FROM LAKE PALOURDE. LAKE COULD NOT DRAIN INTO THE FLOOD-SWOLLEN ATCHAFALAYA,Pollution and Environmental Damage,data/documerica_subset\552828.jpg,True,115
552834,IN THE SPRING OF 1973 THE MISSISSIPPI RIVER REACHED ITS HIGHEST LEVEL IN MORE THAN 150 YEARS. UNPRECEDENTED FLOODING OCCURRED THROUGHOUT THE RIVER BASIN. PARTICULARLY AFFECTED WERE THE MARSH AREA BELOW NEW ORLEANS AND THE ENTIRE ATCHAFALAYA RIVER BASIN FLOODED SUGAR CANE FIELD ON HIGHWAY 70 BETWEEN BELLE RIVER AND PIERRE PART,Rural Landscape,data/documerica_subset\552834.jpg,True,116
552880,LAKE BORGNE OYSTERMEN CLAIM RELEASE OF MISSISSIPPI RIVER FLOOD WATERS HAS POLLUTED THEIR OYSTER BEDS. SOME OF THE MEN ARE PREPARING A LEGAL DEPOSITION. ABOARD CAPTAIN PETE TESVICH'S BOAT THEY COLLECT EVIDENCE FOR THEIR CASE. TESVICH'S GROUP HAS BOARDED BOAT CARRYING A GROUP OF U.S. ARMY CORPS OF ENGINEERS BIOLOGISTS TOGETHER THEY EXAMINE THE DEAD AND DISEASED OYSTERS. OYSTERMAN TOM HADLEY PROBES A DISEASED OYSTER,Pollution and Environmental Damage,data/documerica_subset\552880.jpg,True,117
552882,PASSION FLOWER VINE GROWING IN A DITCH BESIDE A COUNTRY ROAD AT TATE COVE NEAR VILLE PLATTE,Rural Landscape,data/documerica_subset\552882.jpg,True,118
552928,"IN MARCH OF 1972, A BARGE CARRYING LIQUID CHLORINE RAMMED THE MCALPINE DAM. (SEQUENCE) (FROM THE DOCUMERICA-1 EXHIBITION. FOR OTHER IMAGES IN THIS ASSIGNMENT, SEE FICHE NUMBERS 24, 25.)",Transportation and Infrastructure,data/documerica_subset\552928.jpg,True,119
553008,"ABANDONED AUTO. (FROM THE DOCUMERICA-1 EXHIBITION. FOR OTHER IMAGES IN THIS ASSIGNMENT, SEE FICHE NUMBER 35.)",Rural Landscape,data/documerica_subset\553008.jpg,True,120
553026,"EXHIBIT OF POLLUTION CONTROL SYSTEMS AT FOUR CORNERS POWER PLANT. (FROM THE DOCUMERICA-1 EXHIBITION. FOR OTHER IMAGES IN THIS ASSIGNMENT, SEE FICHE NUMBERS 27, 28, 31, 32, 33.)",Industrial Site,data/documerica_subset\553026.jpg,True,121
553137,DERBY DAM ON THE TRUCKEE RIVER IS ONE OF THE FACILITIES IN THE NEWLANDS IRRIGATION PROJECT,Pollution and Environmental Damage,data/documerica_subset\553137.jpg,True,122
553259,"AUGUST BRINGS THE ""D'AUG DAYS"" TO FOUNTAIN SQUARE. ""D'AUG DAYS"" IS A MONTH LONG FESTIVAL OF ARTS PRESENTED TO, FOR, AND SOMETIMES BY, THE PEOPLE. CROWDS IN THE SQUARE WATCH AS DANCERS PERFORM UNDER SPOTLIGHTS",People and Community,data/documerica_subset\553259.jpg,True,123
553434,"WATER IN DRAINAGE DITCH, CLOGGED WITH WASTES, FLOWS FROM THE LEOMINSTER DUMP AREA INTO THE ALREADY SEVERELY POLLUTED NASHUA RIVER",Pollution and Environmental Damage,data/documerica_subset\553434.jpg,True,124
553497,"THE WATKINS OF MULKY SQUARE, A FAMILY OF ELEVEN, LIVE IN THE 1600 BLOCK OF MADISON STREET, A FEW BLOCKS FROM THE AREA BEING CLEARED FOR I-635. MRS. WATKINS AND SOME OF HER YOUNGER CHILDREN",Urban Landscape,data/documerica_subset\553497.jpg,True,125
553529,BILLY WATKINS EATS A BOWL OF CEREAL IN THE LIVING ROOM OF HIS HOUSE IN MULKY SQUARE. BILLY IS ONE OF 9 CHILDREN OF A BISCUIT COMPANY WORKER AND HIS WIFE,People and Community,data/documerica_subset\553529.jpg,True,126
553638,"IN AUGUST, 1973, A MAJOR FOREST FIRE SWEPT THROUGH THE WESTERN SLOPES OF THE SIERRA MOUNTAIN RANGE NEAR SONORA, CALIFORNIA SALVAGE OPERATIONS ON ACREAGE OWNED BY THE PICKERING LUMBER COMPANY OF STANDARD, CALIFORNIA., BEGAN PROMPTLY. PICKERING LOGGERS IN BURN AREA",Pollution and Environmental Damage,data/documerica_subset\553638.jpg,True,127
553863,"NATIONAL METALS JUNKYARD. (FROM THE SITES EXHIBITION. FOR OTHER IMAGES IN THIS ASSIGNMENT, SEE FICHE NUMBERS 38, 39, 40, 58.)",Urban Landscape,data/documerica_subset\553863.jpg,True,128
553885,"TROJAN NUCLEAR POWER PLANT ON THE COLUMBIA RIVER. (FROM THE SITES EXHIBITION. FOR OTHER IMAGES IN THIS ASSIGNMENT, SEE FICHE NUMBERS 42, 43, 44, 45, 46, 47.)",Industrial Site,data/documerica_subset\553885.jpg,True,129
553992,SUNSET AT MANELE BAY,Rural Landscape,data/documerica_subset\553992.jpg,True,130
554082,HONOMANU BAY LIES IN A CONSERVATION DISTRICT OF THE ISLAND,Rural Landscape,data/documerica_subset\554082.jpg,True,131
554190,"NEAR THE TOWN OF WISCONSIN DELLS THE WISCONSIN RIVER CHANNELS THROUGH DEEP, SOFT SANDSTONE CLIFFS, CUTTING THE ROCK INTO FANTASTIC SHAPES. THESE NATURAL SPLENDORS HAVE GIVEN RISE TO A BOOMING TOURIST INDUSTRY. PEOPLE COME IN DROVES, OFTEN IN CAMPERS AND TRAILERS. BOAT TRIPS, SHOPS, BARS, AND DIVERSIONS OF EVERY KIND VIE FOR PATRONAGE IN AN AMUSEMENT COMPLEX EXTENDING 2 OR 3 MILES BEYOND THE TOWN",Pollution and Environmental Damage,data/documerica_subset\554190.jpg,True,132
554198,HERBERT MAY AND COMPANIONS GEAR UP TO FISH ON RED LAKE,Agriculture and Farming,data/documerica_subset\554198.jpg,True,133
554211,JUNKYARD FOR WORN-OUT AGRICULTURAL IMPLEMENTS AT KARLSTAD,Industrial Site,data/documerica_subset\554211.jpg,True,134
554544,"BULLDOZER OPERATOR AT BIG MOOSE, DUMP COVERING TRASH IN THE ADIRONDACK FOREST PRESERVE",Industrial Site,data/documerica_subset\554544.jpg,True,135
554562,"ABANDONED FARM WHICH DID NOT SUCCEED NEAR ELIZABETHTOWN NEW YORK, IN THE ADIRONDACK FOREST PRESERVE",Rural Landscape,data/documerica_subset\554562.jpg,True,136
554566,"NEW HIGHWAY 30 NEAR TUPPER LAKE, NEW YORK, SHOWS FINE GRADING, DRAINAGE FIELDS AND GRASSING FOR EROSION CONTROL, IN THE ADIRONDACK FOREST PRESERVE",Transportation and Infrastructure,data/documerica_subset\554566.jpg,True,137
554695,"FIRE TOWER ON BALD MOUNTAIN NEAR FOURTH LAKE, MOST OF THE TOWERS ARE NO LONGER USED BECAUSE FIRE PATROLS ARE MADE BY PLANE TO SAVE ON MANPOWER, IN THE ADIRONDACK FOREST PRESERVE",Pollution and Environmental Damage,data/documerica_subset\554695.jpg,True,138
554789,"THIS ROAD, ROUTE 100 IN SOUTHEASTERN OHIO, WAS PAID FOR BY TAXPAYERS AND TAKEN OVER BY THE HANNA COAL COMPANY. STRIP MINING OPPONENTS CLAIM COMPANY EMPLOYEES WERE TOLD TO VOTE FOR THE ROAD CLOSING OR RISK LOSING THEIR JOBS. MANY LOCAL ROADS IN THE AREA HAVE BEEN CLOSED. OFF INTERSTATE 70",Rural Landscape,data/documerica_subset\554789.jpg,True,139
554902,"YOUNG MAN PICKS LEAVES FROM HIS GIRL'S HAIR AFTER THEY HAD EMBRACED ON THE BANKS OF THE FRIO CANYON RIVER NEAR LEAKEY, TEXAS AND SAN ANTONIO",People and Community,data/documerica_subset\554902.jpg,True,140
554976,"GNARLY WESTERN RED CEDAR IN COASTAL SPRUCE FOREST WITH TYPICAL GROUND COVER IN THE PACIFIC COAST AREA OF THE OLYMPIC NATIONAL PARK, WASHINGTON",Nature and Wildlife,data/documerica_subset\554976.jpg,True,141
555396,THE COLUMBIA RIVER SHOWN HERE AT ROOSTER ROCK STATE PARK 18 MILES EAST OF PORTLAND. IS SHOWN AT A RECORD LOW. RIVER BEDS NEVER SEEN BEFORE WERE EXPOSED MORE THAN THREE MONTHS BECAUSE OF A LACK OF PRECIPITATION THE PREVIOUS YEAR,Pollution and Environmental Damage,data/documerica_subset\555396.jpg,True,142
555436,"IT SEEMS PEOPLE DON'T CONSIDER SOMETHING AS A CRISIS OR NATIONAL ISSUE UNTIL IT IS REPRODUCED ON A TEE SHIRT. THIS MESSAGE ""JOIN THE ENERGY CORPS,"" WAS PRODUCED BY A POWER COMPANY, AND WORN BY A LITTLE GIRL",People and Community,data/documerica_subset\555436.jpg,True,143
555460,SOME MOTORISTS RAN OUT OF GAS SUCH AS THIS MAN IN PORTLAND AND HAD TO STAND IN LINE WITH A GAS CAN DURING THE FUEL CRISIS IN THE PACIFIC NORTHWEST,Urban Landscape,data/documerica_subset\555460.jpg,True,144
555545,"DYING CORN PLANT IS SHOWN IN A TRUCK GARDEN ABOUT 12 HOURS AFTER BEING CONTAMINATED WHEN A PENNWALT CORPORATION CHEMICAL STORAGE PLANT WAS DESTROYED BY FIRE AND EXPLOSIONS BELIEVED CAUSED BY LIGHTNING. CHEMICALS ALSO SPILLED INTO THE OLENTANGY RIVER JUNE 20, 1974, AND CAUSED A MAJOR FISH KILL. EPA AUTHORITIES SUPERVISED THE CLEANUP",Pollution and Environmental Damage,data/documerica_subset\555545.jpg,True,145
555743,"THE EAST SIDE OF MANHATTAN, NEW YORK. THE NEW YORK, NEW JERSEY METROPOLITAN REGION IS ONE OF THE MOST CONGESTED URBAN AND INDUSTRIAL AREAS OF THE WORLD. TRANSPORTATION IN AN AREA LIKE NEW YORK PRODUCES ENVIRONMENTAL PROBLEMS OF ITS OWN. THE AUTOMOBILE MUST TAKE RESPONSIBILITY FOR AIR POLLUTION, ONE OF THE MORE CRITICAL PROBLEMS AFFECTING THE BIGHT",Urban Landscape,data/documerica_subset\555743.jpg,True,146
555756,"COASTAL DEVELOPMENT AT CONEY ISLAND, NEW YORK. THE NEW YORK, NEW JERSEY METROPOLITAN REGION IS ONE OF THE MOST CONGESTED URBAN AND INDUSTRIAL AREAS IN THE WORLD. STRESS FACTORS WHICH AFFECT THE BIGHT INCLUDE AIR AND WATER POLLUTION, DESTRUCTION OF WETLANDS WHICH ARE NURSERIES FOR MARINE LIFE, COASTAL OVERDEVELOPMENT, AND OCEAN DUMPING OF MUNICIPAL AND INDUSTRIAL WASTES",Urban Landscape,data/documerica_subset\555756.jpg,True,147
555800,"NEW YORK CITY OWNED SLUDGE VESSEL HEADING FOR A DUMP SITE IN THE NEW YORK BIGHT WITH ROCKAWAY BEACH, LONG ISLAND, IN THE BACKGROUND. ASIDE FROM SEWAGE SLUDGE AND INDUSTRIAL WASTES, THE BIGHT IS A DISPOSAL SITE FOR DREDGE SPOILS, CONSTRUCTION DEBRIS AND DERELICT VESSELS. DREDGE SPOILS ARE DUMPED SIX MILES FROM SHORE SLUDGE 12 MILES, WASTE ACID 15 MILES AND CHEMICAL WASTES 106 MILES",Pollution and Environmental Damage,data/documerica_subset\555800.jpg,True,148
555812,"AN AREA. LANDFILL AND INCINERATION ARE ALTERNATIVES TO OCEAN DUMPING, BUT INCINERATION ADDS TO AIR POLLUTION AND LANDFILL NEEDS ADEQUATE OPEN LAND WHICH IS HARD TO FIND. LANDFILL ALSO MEANS A POTENTIAL DANGER OF POLLUTING GROUNDWATER NEAR THE DUMP SITE",Pollution and Environmental Damage,data/documerica_subset\555812.jpg,True,149
555865,AERIAL VIEW OF THE POND WHEN CLEANUP OPERATIONS WERE HALF FINISHED. IN THE BACKGROUND BEYOND THE POND IS THE DISPOSAL SITE FOR THE LIQUID WHICH WAS TREATED AND NEUTRALIZED. IN THE UPPER LEFT PORTION OF THE PICTURE ARE EVAPORATION CELLS ON THE EDGE OF GREAT SALT LAKE. EPA PERSONNEL SUPERVISED THE CLEANUP AND DISPOSAL OF MATERIALS,Transportation and Infrastructure,data/documerica_subset\555865.jpg,True,150
555868,"PUMPING OPERATION UNDERWAY WHICH REMOVED SOME 1,200,000 GALLONS OF ACID WATER AND OIL FROM THE FIVE ACRE POND. THE LIQUID WAS NEUTRALIZED AFTER REMOVAL AND TRUCKED TO A NEARBY SITE FOR DISPOSAL. THE POND WAS CLEANED UP UNDER EPA SUPERVISION TO PREVENT POSSIBLE CONTAMINATION OF NEARBY GREAT SALT LAKE AND A WILDLIFE REFUGE",Pollution and Environmental Damage,data/documerica_subset\555868.jpg,True,151
555870,CLEANUP OPERATIONS ON THIS FIVE ACRE POND WERE HALF FINISHED WHEN THIS PICTURE WAS TAKEN. DIKES HAD BEEN PLACED TO SEPARATE THE ACID WATER AND OIL FOR REMOVAL. AS THE LIQUID WAS REMOVED THE JUNKED CARS AND OTHER DEBRIS WERE PILED FOR DISPOSAL. EPA PERSONNEL SUPERVISED THE CLEANUP WHICH WAS DONE TO PREVENT POSSIBLE CONTAMINATION OF THE AREA,Pollution and Environmental Damage,data/documerica_subset\555870.jpg,True,152
555876,"SOME OF THE LIQUID SLUDGE WHICH HAD BEEN TREATED AND SPREAD AT THE DISPOSAL AREA TRICKLED TO THE LOWEST PORTION OF SITE. IT WAS COLLECTED AND RETURNED TO ANOTHER PART OF THE DISPOSAL AREA. EPA PERSONNEL SUPERVISED CLEANUP OF THE CONTAMINATED POND, TREATMENT AND DISPOSAL. THE POND POSED A POSSIBLE HAZARD TO GREAT SALT LAKE AND A NEARBY WILDLIFE REFUGE",Agriculture and Farming,data/documerica_subset\555876.jpg,True,153
555922,"PRIVATE RESIDENCE ON NORTH MAIN STREET IN PATERSON, NEW JERSEY. THE INNER CITY TODAY IS AN ABSOLUTE CONTRADICTION TO THE MAIN STREAM AMERICA OF GAS STATIONS, EXPRESSWAYS, SHOPPING CENTERS AND TRACT HOMES. IT IS POPULATED BY BLACKS, LATINS AND THE WHITE POOR. MOST OF ALL, THE INNER CITY IS HUMAN BEINGS, AS THREATENED AND BEAUTIFUL AS THE 19TH CENTURY BUILDINGS IN THEIR ENVIRONMENT",Urban Landscape,data/documerica_subset\555922.jpg,True,154
555970,"CHILDREN SLEEPING IN ONE OF THE CHAIR CARS ON THE SOUTHWEST LIMITED, AN OVERNIGHT TRAIN FROM LOS ANGELES, CALIFORNIA, TO ALBUQUERQUE, NEW MEXICO. COMPARTMENTS ARE AVAILABLE FOR PASSENGERS WHO WISH TO PAY MORE MONEY. THE TRAIN ALSO HAS A DOME CAR, DINING CAR AND LOUNGE CAR. IT ENDS ITS RUN IN CHICAGO",Pollution and Environmental Damage,data/documerica_subset\555970.jpg,True,155
556086,"FIREMAN, LEFT, AND ENGINEER IN THE CAB OF THE EMPIRE BUILDER PASSENGER TRAIN AS IT HEADS WEST FROM CHICAGO TO EAST GLACIER PARK MONTANA, AND SEATTLE, WASHINGTON. AMTRAK, SINCE IT ASSUMED RESPONSIBILITY FOR MOST U.S. INTERCITY RAIL PASSENGER SERVICE IN 1971 HAS BEEN WORKING TO IMPROVE FACILITIES AND ATTRACT RIDERS BY USING METHODS EMPLOYED BY THE AIRLINES SUCH AS COMPUTERIZED RESERVATIONS",Industrial Site,data/documerica_subset\556086.jpg,True,156
556169,BLACK NEIGHBORS OUTSIDE ON CHICAGO'S WEST SIDE. THEY ARE PART OF THE NEARLY 1.2 MILLION PEOPLE OF THEIR RACE WHO MAKE UP MORE THAN ONE THIRD OF CHICAGO'S POPULATION. THE WEST SIDE WAS HARD HIT BY RIOTS AND FIRES IN THE MID AND LATE 1960'S. THE 1970 CENSUS NOTED THAT 22 TO 29% OF THE AREA'S RESIDENTS LIVED BELOW THE OFFICIAL POVERTY LEVEL. BLACK BUSINESSMEN REACHED AGREEMENTS WITH NATIONAL FRANCHISES WHICH RESULTED IN PUMPING $20 MILLION IN JOBS FOR RESIDENTS BY 1974,People and Community,data/documerica_subset\556169.jpg,True,157
556195,"A PORTION OF LAKE SHORE DRIVE IN CHICAGO. IT AND THE OUTER DRIVE ARE THE CITY'S MOST SPECTACULAR STREET. TRAFFIC MOTORS ALONG LAKE MICHIGAN FROM 5600 NORTH TO 6600 SOUTH, GENERALLY AT 45 MPH. THE DRIVE PROVIDES A CONTINUOUS, LANDSCAPED ASPECT OF CHICAGO'S FRONT YARD. THERE ARE FOUR LANES EACH WAY, BUT SIX LANES ARE ONE WAY IN AND SIX OUT DURING THE MORNING AND EVENING RUSH HOURS. THE FIELD MUSEUM OF NATURAL HISTORY IS SEEN IN THE BACKGROUND",Transportation and Infrastructure,data/documerica_subset\556195.jpg,True,158
556253,THE REV. JESSE JACKSON SPEAKS ON A RADIO BROADCAST FROM THE HEADQUARTERS OF OPERATION PUSH AT ITS ANNUAL CONVENTION. ONE OF THE AIMS OF THE ORGANIZATION IS TO OPEN THE WORLD OF BUSINESS TO SMALL BLACK OWNED BUSINESSES. REV. JACKSON IS CREDITED FOR HELPING TO MAKE CHICAGO THE BLACK BANKING CAPITAL OF THE COUNTRY. HE HELPED PERSUADE WHITE COMPANIES TO STOP TAKING PROFITS EARNED FROM BLACK CONSUMERS TO THE WHITE SUBURBS,People and Community,data/documerica_subset\556253.jpg,True,159
556281,"CLOSEUP OF A BLACK BEAUTY GRACING A FLOAT DURING THE ANNUAL BUD BILLIKEN DAY PARADE ALONG DR. MARTIN L. KING JR. DRIVE ON CHICAGO'S SOUTH SIDE. UP TO A HALF MILLION PEOPLE VIEW ONE OF THE LARGEST EVENTS OF THE YEAR, HELD FOR BLACKS OF ALL AGES AND ECONOMIC STATUS. THE PARADE ALSO INCLUDES BLACK POLITICIANS, BLACK BUSINESSES DISPLAYING THEIR PRODUCTS AND BLACK BANDS",Agriculture and Farming,data/documerica_subset\556281.jpg,True,160
556336,"SHIFT OF MINERS IN THE ELEVATOR WHICH WILL TAKE THEM DOWN TO WORK IN THE VIRGINIA-POCAHONTAS MINE #4 NEAR RICHLANDS, VIRGINIA THEY ARE HEADED FOR THE 1,200 FOOT LEVEL. THE BLACK HATS SIGNIFY THAT THE MEN ARE EXPERIENCED MINERS. THE MINER WITH THE GREEN HAT IS A SAFETY MAN. THESE MINES HAVE THREE SHIFTS, TWO WORKING AND ONE CLEANUP",Pollution and Environmental Damage,data/documerica_subset\556336.jpg,True,161
556429,"TRUCK MAKING ITS WAY UP BLAIR MOUNTAIN, A PLACE NEAR LOGAN WEST VIRGINIA, WHICH HOLDS AN IMPORTANT PLACE IN UNION HISTORY PROTESTING FOR BETTER WORKING CONDITIONS, MINERS MARCHED OVER THIS MOUNTAIN IN 1921. MANY WERE SHOT AND KILLED WHEN MET BY FEDERAL TROOPS. THAT ACTION GALVANIZED THE MINERS INTO ACTION AND LED TO UNION ORGANIZATION",Rural Landscape,data/documerica_subset\556429.jpg,True,162
556553,"A MINER WHO HAD COMPLETED HIS WORK SHIFT IS SHOWN ON A PONY BELONGING TO THE FAMILY OF THE TAVERN OPERATOR. A SHORT WHILE LATER HE WAS BUCKED OFF. THERE IS LITTLE FOR THE YOUNG MINERS TO DO IN THE SMALL MINING TOWNS OTHER THAN DRINK BEER AND TALK. IN RHODELL, WEST VIRGINIA, NEAR BECKLEY",Transportation and Infrastructure,data/documerica_subset\556553.jpg,True,163
556676,"SNACK BAR IS A POPULAR PLACE ON AMTRAK PASSENGER TRAINS THROUGHOUT THE UNITED STATES. THIS ONE IS SITUATED ABOARD ONE OF THE METROLINERS THAT MAKE A TOTAL OF 16 ROUND TRIPS BETWEEN WASHINGTON, DISTRICT OF COLUMBIA, AND NEW YORK CITY EACH DAY. THE CORPORATION REPORTED 18,000,000 PASSENGERS IN THE U.S. DURING 1974, AN INCREASE OF 10 PERCENT FROM THE PREVIOUS YEAR. DESPITE THE ADDED NUMBER OF RIDERS THE CORPORATION REPORTED A DEFICIT OF $272.6 MILLION AND REVENUES OF $256.9 MILLION",People and Community,data/documerica_subset\556676.jpg,True,164
556718,"CARS WERE ILLEGALLY PARKED ON TRAFFIC ""ISLANDS"", SIDEWALKS THE GRASS, BUS LANES AND NEAR FIREPLUGS DURING A BUS STRIKE IN WASHINGTON, DISTRICT OF COLUMBIA, IN MAY, 1974. SOME 250,000 PEOPLE WERE FORCED TO FIND ALTERNATE METHODS OF TRANSPORTATION, USUALLY THE CAR. MONUMENTAL TRAFFIC JAMS RESULTED AS DRIVERS LEARNED THERE WERE MORE AUTOS THAN PLACES TO PARK LEGALLY. VERY FEW TICKETS WERE GIVEN FOR VIOLATIONS BECAUSE OF THE SITUATION. NORMALLY 1,800 BUSES ARE USED DURING RUSH HOURS",Urban Landscape,data/documerica_subset\556718.jpg,True,165
556804,"ONE PASSENGER STEPS OFF A METROPOLITAN ATLANTA RAPID TRANSIT AUTHORITY (MARTA) BUS AS ANOTHER WAITS TO CLIMB ON IN ATLANTA GEORGIA. RIDERSHIP INCREASED 27 PERCENT FROM 1970 TO 1974 TO A TOTAL OF 73,727,000. MARTA HAS 715 BUSES, 490 OF THEM NEW, THAT TRAVEL 1,592 ROUTE MILES EACH WORK DAY. NEW SERVICES IN ADDITION TO THE BUSES WERE NEW ROUTES WHICH NOW TOTAL 134, NIGHT SERVICE, PASSENGER WAITING SHELTERS, FRINGE PARKING AND A FARE DECREASE FROM 40 TO 15 CENTS",People and Community,data/documerica_subset\556804.jpg,True,166
556874,"SOUTHERN RAILWAY RIGHT-OF-WAY WORKER, WORKING WITH A MACHINE THAT AIDS IN REPLACING OLD TRACK WITH NEW QUARTER MILE LONG SECTIONS OF RAIL. ON A GOOD DAY, WHEN THE CREW DOESN'T HAVE TO STOP WORK TOO MANY TIMES TO LET TRAINS PASS ON PARALLEL TRACKS THEY CAN LAY SLIGHTLY LESS THAN TWO MILES OF WELDED TRACKS PER DAY IN 1974 SOUTHERN HAD AN AVERAGE OF FOUR CREWS NUMBERING 50 TO 55 MEN EACH WORKING ON THE SYSTEM'S 10,531 MILES OF RAILROAD",Transportation and Infrastructure,data/documerica_subset\556874.jpg,True,167
556893,"SOUTHERN RAILWAY RIGHT-OF-WAY MACHINERY AND WORK CREW IMPROVING THE ROADBED. IN 1974 THE COMPANY SPENT 18.6 PERCENT OF ITS REVENUE IN TRACK MAINTENANCE, THE HIGHEST IN THE INDUSTRY. THAT YEAR SOUTHERN LAID 91,808 TONS OF RAIL AND PLACED 2,278,318 RAILROAD TIES. THE MAXIMUM SAFE SPEED ON THE COMPANY'S TRACK IS USUALLY 60 MILES PER HOUR FOR THE ENTIRE 10,531 MILES OF THE SYSTEM. IN COMPARISON, ANOTHER COMPANY HAS ONE SECTION WITH AN EIGHT MILES PER HOUR TOP SPEED",Pollution and Environmental Damage,data/documerica_subset\556893.jpg,True,168
556916,AERIAL VIEW LOOKING SOUTHWEST OF THE NORTH END OF THE BANGOR ANNEX NAVY INSTALLATION. PRIVATE FARMS ARE SEEN IN THE FOREGROUND WITH ACCESS FROM CLEAR CREEK ROAD. FACILITIES FOR THE NAVY'S NEW TRIDENT SUBMARINES WILL BE BUILT IN THE AREA. THE EXPECTED POPULATION GROWTH WILL AFFECT THE HUMANS AND THE ANIMALS WHO PRESENTLY LIVE THERE,Rural Landscape,data/documerica_subset\556916.jpg,True,169
557002,"AERIAL VIEW OF CITY WATER RESERVOIR OF BREMERTON. IT IS LOCATED SOUTHEAST OF BREMERTON IN SOUTHERN KITSAP COUNTY. THIS COMMUNITY AND OTHERS LIKE IT WILL BE AFFECTED BY POPULATION GROWTH WHEN THE NAVY'S TRIDENT SUBMARINE BASE IS BUILT NEARBY. A ""NEW CITY"" IS PROPOSED TO HOUSE A SUBSTANTIAL PORTION OF THE PROJECTED 27,000 PEOPLE WHO WILL MOVE INTO THE AREA WHEN THE NAVAL INSTALLATION IS COMPLETED",Pollution and Environmental Damage,data/documerica_subset\557002.jpg,True,170
557007,"KITSAP COUNTY AUDUBON SOCIETY MEMBERS ON A FIELD TRIP. THEY ARE IDENTIFYING THE FAUNA AND FLORA ON A SMALL PIECE OF WILD LAND BEING MIS-USED BY WEEKEND TRAIL MOTOR BIKERS. INCREASED LAND USE PRESSURE IS EXPECTED WHEN THE NAVY'S TRIDENT SUBMARINE BASE IS BUILT NEARBY. A ""NEW CITY"" IS PROPOSED TO HOUSE A SUBSTANTIAL PORTION OF THE PROJECTED 27,000 PEOPLE WHO WILL MOVE INTO THE AREA WHEN THE NAVAL INSTALLATION IS COMPLETED",Pollution and Environmental Damage,data/documerica_subset\557007.jpg,True,171
557099,"VIEW OF OVERGRAZED PRAIRIE WITH HARDWOOD FOREST IN THE DISTANCE IN DONIPHAN COUNTY KANSAS, NEAR TROY IN THE EXTREME NORTHEAST CORNER OF THE STATE. PLANTS THAT INHABIT THE AREA ONCE COVERED BY TALLGRASS PRAIRIE INCLUDE GOLDENROD; DOGBANE AND BROME GRASS. NORTHEAST KANSAS IS UNIQUE BECAUSE IT CONTAINS THE ONLY HARDWOOD FOREST IN THE STATE IN ADDITION TO TALLGRASS PRAIRIE",Rural Landscape,data/documerica_subset\557099.jpg,True,172
557248,"POLLUTION FROM COKE BATTERIES HANGS IN THE AIR OVER A JONES AND LAUGHLIN STEEL CORPORATION PLANT AT ALIQUIPPA, PENNSYLVANIA NEAR PITTSBURGH. SOME DISCHARGE ALSO IS MADE INTO THE OHIO RIVER, THE POLLUTION HAS CONTINUED SINCE THIS PICTURE WAS TAKEN. NEW COKE BATTERIES WERE SCHEDULED FOR OPERATION IN THE FALL OF 1975",Pollution and Environmental Damage,data/documerica_subset\557248.jpg,True,173
557252,"CLOSEUP OF AN OUTFALL CONTAINING STYRENE EMPTYING INTO RACCOON CREEK WHICH EMPTIES INTO THE OHIO RIVER. IT COMES FROM THE KOPPERS CHEMICAL KOBUTA PLANT IN POTTER TOWNSHIP, BEAVER COUNTY WHICH IS WEST OF PITTSBURGH, PENNSYLVANIA",Pollution and Environmental Damage,data/documerica_subset\557252.jpg,True,174
557279,NEW HOUSING HAS REPLACED THE OLD RUNDOWN AREA OF NORTHSIDE. THE LOW-COST DWELLINGS ARE NEAR THE CENTRAL BUSINESS DISTRICT AND EASILY ACCESSIBLE TO DOWNTOWN BY PUBLIC TRANSIT OR BY WALKING. THE FORMER SLUM AREA IS ATTRACTING AN INCREASING NUMBER OF PEOPLE WHO VIEW CITY LIFE AS AN ATTRACTIVE ALTERNATIVE TO THE SUBURBS,Urban Landscape,data/documerica_subset\557279.jpg,True,175
557292,MULTI-LEVEL CAR PARKING LOT. THE FACE OF THE CITY BEGAN CHANGING IN THE EARLY 1950'S DURING THE URBAN RENEWAL RENAISSANCE PROGRAM. PARK-LIKE SETTINGS WITH VARIOUS KINDS OF PLANTINGS SCULPTURE AND POOLS WERE ADDED AROUND THE MODERN OFFICE BUILDINGS TO COMPLEMENT THE STRUCTURES AND ADD A HUMAN DIMENSION,Transportation and Infrastructure,data/documerica_subset\557292.jpg,True,176
557342,"REMAINS OF THE KITCHEN IN A HOUSE VACATED BY THE ERNEST WATKINS FAMILY IN THE MULKEY SQUARE AREA. MANY OF THE LOW INCOME RESIDENTS OF THE WEST SIDE AREA WERE DISPLACED BY CONSTRUCTION OF AN INTERSTATE HIGHWAY THROUGH AN AREA ALREADY ISOLATED BY ROADS AND RAILROAD TRACKS. IT TOOK THE FAMILY TWO MONTHS TO LOCATE RENTAL HOUSING WITHIN THEIR PRICE RANGE ON THE OTHER SIDE OF TOWN IN KANSAS CITY, KANSAS",Industrial Site,data/documerica_subset\557342.jpg,True,177
557373,"UNION CARBIDE FERRO-ALLOY PLANT. EMISSIONS FROM THE METALLURIGICAL PLANT WERE REDUCED 97.7 PERCENT BETWEEN OCTOBER 1967, AND SEPTEMBER, 1975. THE DECREASE OCCURRED AFTER AGREEMENT ON A COMPLIANCE SCHEDULE BETWEEN UNION CARBIDE AND THE WEST VIRGINIA AIR POLLUTION CONTROL COMMISSION. THE U.S. ENVIRONMENTAL PROTECTION AGENCY STACK SAMPLED PLANT EMISSIONS WHILE DEVELOPING NATIONAL NEW SOURCE PERFORMANCE STANDARDS. (SEE IMAGES 8496-98)",Pollution and Environmental Damage,data/documerica_subset\557373.jpg,True,178
557379,"UNION CARBIDE FERRO-ALLOY PLANT SEEN FROM DEEP WATER. TOTAL PLANT EMISSIONS DECREASED FROM 113,252 TONS TO 2,649 TONS FROM 1967 TO 1975, A DROP OF 97.7 PERCENT. THE DECREASE OCCURRED AFTER AGREEMENT ON A COMPLIANCE SCHEDULE BETWEEN UNION CARBIDE AND THE WEST VIRGINIA AIR POLLUTION CONTROL COMMISSION. THE U.S. ENVIRONMENTAL PROTECTION AGENCY STACK SAMPLED PLANT EMISSIONS WHILE DEVELOPING NATIONAL NEW SOURCE PERFORMANCE STANDARDS. (SEE IMAGES 8566 AND 8567)",Industrial Site,data/documerica_subset\557379.jpg,True,179
557404,"NEAT, WELL KEPT HOMES ON A HILLSIDE OF BOOMER, NEAR THE UNION CARBIDE FERRO-ALLOY PLANT. TOTAL PLANT EMISSIONS FROM THE METALLURGICAL FURNACES AND THE POWERHOUSE WERE REDUCED 97.7 PERCENT BETWEEN OCTOBER, 1967, AND SEPTEMBER, 1975. A COMPLIANCE SCHEDULE WAS REACHED BETWEEN THE COMPANY AND THE WEST VIRGINIA AIR POLLUTION CONTROL COMMISSION. EPA STACK SAMPLED PLANT EMISSIONS WHILE DEVELOPING NATIONAL NEW SOURCE PERFORMANCE STANDARDS. (SEE FICHE #141 TO 146)",Rural Landscape,data/documerica_subset\557404.jpg,True,180
557627,"View through an old growth forest with young trees growing in the sunlight between the hugh old Douglas fir trees. Harold MacMillan Park, on Vancouver Island, British Columbia. Near Port Alberni, British Columbia, Canada. From the Environmental Protection Agencys Project DOCUMERICA collection, "" In Praise of Forests"". For additional images see Fiche #s 209, 210, 211, 212, and 213. ENTHEOS. April, 1969.",Pollution and Environmental Damage,data/documerica_subset\557627.jpg,True,181
557635,"DOWNTOWN MAIN STREET IN HOUSTON, TEXAS. THIS IS ONE OF A SERIES OF 21 BLACK AND WHITE PHOTOGRAPHS. THEY DOCUMENT THE ENVIRONMENTS REMAINING FROM THE 19TH CENTURY IN TERMS OF ARCHITECTURE, COMMERCE AND LIFESTYLES. THE PICTURES ALSO COMPARE THE CONTEMPORARY CITY SHOWING DISPLACEMENT OF THE UNIQUE BY THE ORDINARY AND NOTING CURRENT URBAN PROBLEMS. THE PICTURES SHOW A REGION AND ITS UNIQUENESS IN PEOPLE AND ARCHITECTURE IN EAST TEXAS WHICH IS STILL A PART OF THE SOUTH",Urban Landscape,data/documerica_subset\557635.jpg,True,182
557731,"CARPENTER AT WORK ON THE FIRST UNIT OF THE NEW ALPINE VILLAGE AT THE OUTSKIRTS OF HELEN. WHEN COMPLETED THE PROJECT WILL DOUBLE THE SIZE OF THE TOURIST FACILITIES OF THE SMALL MOUNTAIN COMMUNITY OF SOME 270 PEOPLE. THE CORPORATION THAT IS BUILDING THE FACILITIES IS CONTINUING THE BAVARIAN ALPINE THEME OF THE HELEN BUSINESS DISTRICT IT WAS RENOVATED, STARTING IN 1969 AFTER ENDORSEMENT FORM TOWN OFFICIALS, BUSINESSMEN AND RESIDENTS",Industrial Site,data/documerica_subset\557731.jpg,True,183
557759,"MAILBOX ON SIMS ROAD AT ROBERTSTOWN, GEORGIA, A MILE NORTHEAST OF HELEN. THIS LOW MOUNTAIN AREA SOME 90 MILES NORTHEAST OF ATLANTA ATTRACTS CAMPERS AND FISHERMEN.ALSO OF INTEREST IS THE BUSINESS DISTRICT IN HELEN WHICH HAS BEEN RENOVATED WITH A BAVARIANALPINE THEME. SUCCESS OF THE PROJECT, BEGUN IN 1969, HAS LED TO NEW DEVELOPMENT WHICH WILL AFFECT BOTH TOWNS. A PLANNING REPORT FOR HELEN CITES THE NEED FOR BALANCE BETWEEN GROWTH AND PUBLIC INTEREST",Industrial Site,data/documerica_subset\557759.jpg,True,184
557819,"A NEW YORK CITY SLUDGE CARRIER DUMPS ITS CARGO INTO WATERS OF THE NEW YORK BIGHT. THE U.S. COAST GUARD IS RESPONSIBLE FOR MONITORING ALL OCEAN DUMPING IN THE BIGHT WHICH INCLUDES 15,000 SQUARE MILES OF OCEAN WATERS AND THE CONTINENTAL SHELF OFF THE COASTS OF NEW YORK AND NEW JERSEY THE NATIONAL OCEANOGRAPHIC AND ATMOSPHERIC ADMINISTRATION IS CONDUCTING A MARINE ECOSYSTEMS ANALYSIS PROGRAM IN THE BIGHT. THE MULTI-YEAR PROJECT IS BEING OBSERVED BY EPA AND THE COAST GUARD",Pollution and Environmental Damage,data/documerica_subset\557819.jpg,True,185
557823,"ROCKY MOUNTAIN STREAM TYPICAL OF THOSE IN THE AREA NEAR THE FLUME, A NATURAL 800-FOOT LONG CHASM FORMED BEFORE THE ICE AGE, IN THE FRANCONIA NOTCH STATE PARK, SOUTH OF FRANCONIA, NEW HAMPSHIRE OTHER ATTRACTIONS IN THE STATE PARK INCLUDE AN AERIAL TRAMWAY THAT CARRIES PASSENGERS TO THE TOP OF 4,200-FOOT CANNON MOUNTAIN, AND THE OLD MAN OF THE MOUNTAIN, A 40-FOOT PROFILE MADE FAMOUS BY NATHANIEL HAWTHORNE. THE AREA IS PART OF THE WHITE MOUNTAIN NATIONAL FOREST",Rural Landscape,data/documerica_subset\557823.jpg,True,186
557921,"YOUNG WOMAN WATCHES AN EXHAUST ANALYZER MACHINE AS HER AUTO IS BEING TESTED AT AN AUTO EMISSION INSPECTION STATION IN DOWNTOWN CINCINNATI, OHIO. THE AUTO DID NOT PASS THE TEST FOR CARBON MONOXIDE AND HYDROCARBON EMISSIONS AND RECEIVED A TEMPORARY STICKER. ALL LIGHT DUTY, SPARK IGNITION POWERED MOTOR VEHICLES MUST PASS THE EMISSIONS TEST ANNUALLY AS WELL AS A SAFETY CHECK WHICH HAS BEEN IN EFFECT SINCE 1940. (SEE PICTURES #15472 THROUGH 78)",Industrial Site,data/documerica_subset\557921.jpg,True,187
558116,"MONUMENT AND STATUE OF HERMANN-ARMINIUS, GERMAN PATRIOT WHICH WAS ERECTED IN NEW ULM, MINNESOTA, IN 1888. THE TOWN WAS BUILT BY A GERMAN IMMIGRANT LAND COMPANY IN 1854 AND NAMED FOR THE CITY OF ULM IN THE DANUBIAN DISTRICT OF WURTTEMBERG, GERMANY HERMANN-ARMINIUS WAS CHIEF OF THE CHERUSCI WHO UNITED THE GERMANIC TRIBES TO DEFEAT THE ROMAN GENERAL VARUS IN 19 AD AND HALT THE ROMAN EMPIRE AT THE RHINE RIVER. HE SURVIVES IN LEGENDS AS A CHAMPION OF GERMANIC NATIONALISM AND LIBERTY",Urban Landscape,data/documerica_subset\558116.jpg,True,188
558119,"MINNESOTA STREET IN NEW ULM, MINNESOTA, IS BLOCKED OFF FOR ONE DAY EACH SUMMER FOR ""CRAZY DAYS."" MERCHANTS MOVE BARGAIN MERCHANDISE ONTO THE STREET AND SIDEWALKS TO SELL IN THE SUMMER PROMOTION. THE BUSINESS SECTION IS SOME EIGHT BLOCKS. THE TOWN WAS FOUNDED BY GERMAN IMMIGRANTS IN 1854 AND STILL RETAINS AN ETHNIC CHARM. THE BUSINESS SECTION HAS BEEN REVITALIZED SINCE THE 1960'S. ALL STORES ARE OCCUPIED AND MANY OF THE FRONTS HAVE BEEN RENOVATED WITH PRIVATE FUNDS TO SHOW A GERMAN INFLUENCE",People and Community,data/documerica_subset\558119.jpg,True,189
558137,"PARKING METER CHECKER STANDS BY HIS POLICE VEHICLE WHICH IS IMPRINTED WITH THE GERMAN WORD FOR POLICE (POLIZEI). IT IS PART OF THE TOWN'S RETURN TO GERMAN ETHNIC ORIGINS. NEW ULM, MINNESOTA, WAS FOUNDED IN 1854 BY A GROUP OF GERMAN IMMIGRANTS. THE COUNTY SEAT TRADING CENTER REMAINS PREDOMINATELY A FARMING COMMUNITY ALTHOUGH ITS GROWTH SINCE 1950 HAS BEEN DUE TO THE ARRIVAL OF MANUFACTURING COMPANIES. THE BUSINESS DISTRICT HAS BEEN REVITALIZED WITH COMMUNITY EFFORT",Transportation and Infrastructure,data/documerica_subset\558137.jpg,True,190
558169,"NEWBORN CHILD IN THE DELIVERY ROOM OF LORETTO HOSPITAL IN NEW ULM, MINNESOTA. THERE ARE TWO HOSPITALS IN THE TOWN, UNION WHICH IS NON-DENOMINATIONAL AND LORETTO WHICH IS CATHOLIC. THEY HAVE DIVIDED THEIR SERVICES TO SPECIALIZE AND GIVE MORE EFFICIENT SERVICE. NEW ULM IS A COUNTY SEAT TRADING CENTER OF 13,000 IN A FARMING AREA OF SOUTH CENTRAL MINNESOTA. IT WAS FOUNDED IN 1854 BY A GERMAN IMMIGRANT LAND COMPANY THAT ENCOURAGED KINSMEN TO EMIGRATE FROM EUROPE",Pollution and Environmental Damage,data/documerica_subset\558169.jpg,True,191
558205,"STUDENTS ARRIVING FOR SCHOOL AT THE SENIOR HIGH SCHOOL IN NEW ULM, MINNESOTA. THE TOWN IS A COUNTY SEAT TRADING CENTER OF 13,000 IN A FARMING AREA OF SOUTH CENTRAL MINNESOTA. IT WAS FOUNDED IN 1854 BY A GERMAN IMMIGRANT LAND COMPANY THAT ENCOURAGED ITS KINSMEN TO EMIGRATE FROM EUROPE. SEVERAL MANUFACTURING FIRMS HAVE ARRIVED SINCE 1950 AND HAVE HELPED THE COMMUNITY TO GROW. THE BUSINESS DISTRICT WAS REVITALIZED IN THE 1960'S WITH COMMUNITY EFFORT",People and Community,data/documerica_subset\558205.jpg,True,192
558221,"STUDENTS AT BAND PRACTICE AT CATHEDRAL HIGH SCHOOL IN NEW ULM, MINNESOTA. THE TOWN IS A COUNTY SEAT TRADING CENTER OF 13,000 IN A FARMING AREA OF SOUTH CENTRAL MINNESOTA. IT WAS FOUNDED IN 1854 BY A GERMAN IMMIGRANT LAND COMPANY THAT ENCOURAGED ITS KINSMEN TO EMIGRATE FROM EUROPE. SEVERAL MANUFACTURING FIRMS HAVE LOCATED HERE SINCE 1950 AND HAVE HELPED THE TOWN TO GROW. THE BUSINESS DISTRICT WAS REVITALIZED DURING THE 1960'S WITH COMMUNITY EFFORT",People and Community,data/documerica_subset\558221.jpg,True,193
558230,"YOUNGSTERS ROLLER SKATING AT IZZY-DORRY'S ROLLER RINK AT NEW ULM, MINNESOTA. THE TOWN IS A COUNTY SEAT TRADING CENTER OF 13,000 IN A FARMING AREA OF SOUTH CENTRAL MINNESOTA. IT WAS FOUNDED IN 1854 BY A GERMAN IMMIGRANT LAND COMPANY THAT ENCOURAGED ITS KINSMEN TO EMIGRATE FROM EUROPE. SEVERAL MANUFACTURING FIRMS HAVE LOCATED HERE SINCE 1950 AND HAVE HELPED THE TOWN TO GROW. THE BUSINESS DISTRICT WAS REVITALIZED DURING THE 1960'S WITH COMMUNITY EFFORT",People and Community,data/documerica_subset\558230.jpg,True,194
558390,RELIGION PLAYS AN IMPORTANT PART IN THE LIVES OF RESIDENTS. THE LARGEST GROUP OF CHURCHGOERS ARE ROMAN CATHOLICS. A PRIEST AT THE NEW ULM CATHEDRAL IS SHOWN DURING A FOLK GUITAR MASS. THIS WEEKLY EVENT WAS BEGUN FOR THE YOUNGER PEOPLE AND HAS BECOME THE MOST POPULAR MASS WITH STANDING ROOM ONLY. THE CHURCH INTERIOR IS DECORATED WITH BAROQUE CARVINGS REMINISCENT OF CHURCHES IN SOUTHERN GERMANY'S BAVARIAN,People and Community,data/documerica_subset\558390.jpg,True,195
558397,"RELIGION PLAYS AN IMPORTANT PART IN THE LIVES OF RESIDENTS. THE LARGEST GROUP OF CHURCHGOERS ARE ROMAN CATHOLICS. ST. MARYS CHURCH, LOCATED IN THE SOUTH PART OF TOWN, IS ONE OF TWO CATHOLIC CHURCHES. THE PARISH HAD MET IN THEIR CHURCH SCHOOL AUDITORIUM FOR MORE THAN 30 YEARS UNTIL ENOUGH MONEY WAS RAISED FOR THE MODERN CHURCH THEY DESIRED. NEW ULM IS A COUNTY SEAT TRADING CENTER OF 13,000 FOUNDED IN 1854 BY GERMAN IMMIGRANTS",People and Community,data/documerica_subset\558397.jpg,True,196
