respondent_id,certification
2,CPR-C
4,First Aid Level 1
8,Cloud Practitioner
8,Security Fundamentals
10,First Aid Level 1
10,WHMIS
11,First Aid Level 1
12,Cloud Practitioner
12,Security Fundamentals
19,First Aid Level 1
20,Cloud Practitioner
20,Security Fundamentals
21,First Aid Level 1
21,CPR-C
22,CFA Level I
22,CPA
24,WHMIS
25,CPR-C
26,First Aid Level 1
26,CPR-C
28,Serving It Right
28,Food Safe Level 1
30,First Aid Level 1
30,CPR-C
31,Food Safe Level 1
33,First Aid Level 1
33,CPR-C
38,First Aid Level 1
39,Food Safe Level 1
39,Serving It Right
40,First Aid Level 1
40,Forklift Operator
40,WHMIS
42,CPR-C
42,First Aid Level 1
43,CPA
44,Food Safe Level 1
46,First Aid Level 1
46,CPR-C
47,First Aid Level 1
53,WHMIS
53,Forklift Operator
54,First Aid Level 1
54,CPR-C
55,Forklift Operator
55,WHMIS
57,First Aid Level 1
60,CPR-C
61,Cloud Practitioner
64,Food Safe Level 1
64,Serving It Right
68,First Aid Level 1
70,WHMIS
70,Forklift Operator
70,First Aid Level 1
71,Cloud Practitioner
71,Security Fundamentals
73,First Aid Level 1
73,WHMIS
74,CPR-C
75,Forklift Operator
75,WHMIS
75,First Aid Level 1
76,WHMIS
77,CPA
78,First Aid Level 1
78,WHMIS
81,Cloud Practitioner
81,Security Fundamentals
84,Cloud Practitioner
88,First Aid Level 1
88,CPR-C
90,First Aid Level 1
93,Cloud Practitioner
94,Food Safe Level 1
96,First Aid Level 1
96,WHMIS
99,First Aid Level 1
99,WHMIS
100,First Aid Level 1
101,WHMIS
101,First Aid Level 1
104,Food Safe Level 1
104,Serving It Right
105,WHMIS
105,First Aid Level 1
106,Food Safe Level 1
114,CPA
116,First Aid Level 1
117,Forklift Operator
117,WHMIS
118,Serving It Right
119,First Aid Level 1
121,First Aid Level 1
122,Forklift Operator
122,WHMIS
123,First Aid Level 1
126,First Aid Level 1
127,CPA
128,First Aid Level 1
130,Serving It Right
133,First Aid Level 1
135,CPR-C
136,Food Safe Level 1
137,CFA Level I
137,CPA
138,Food Safe Level 1
141,WHMIS
141,Forklift Operator
144,Serving It Right
152,Serving It Right
155,Forklift Operator
165,First Aid Level 1
165,WHMIS
167,Serving It Right
167,Food Safe Level 1
169,WHMIS
170,First Aid Level 1
170,CPR-C
171,WHMIS
171,Forklift Operator
172,First Aid Level 1
173,WHMIS
173,First Aid Level 1
174,WHMIS
174,Forklift Operator
177,Forklift Operator
177,WHMIS
179,Forklift Operator
179,First Aid Level 1
179,WHMIS
183,Forklift Operator
184,CPR-C
184,First Aid Level 1
185,Food Safe Level 1
185,Serving It Right
186,Food Safe Level 1
194,CPR-C
194,First Aid Level 1
196,WHMIS
196,Forklift Operator
197,First Aid Level 1
198,Food Safe Level 1
200,CPR-C
200,First Aid Level 1
202,Forklift Operator
202,First Aid Level 1
203,First Aid Level 1
203,CPR-C
206,Serving It Right
212,Security Fundamentals
213,First Aid Level 1
213,WHMIS
214,Cloud Practitioner
214,Security Fundamentals
215,CPA
215,CFA Level I
217,Security Fundamentals
223,CPA
223,CFA Level I
224,CPR-C
224,First Aid Level 1
228,WHMIS
233,CPR-C
233,First Aid Level 1
234,CPR-C
237,First Aid Level 1
237,Forklift Operator
237,WHMIS
238,Security Fundamentals
238,Cloud Practitioner
240,CPR-C
240,First Aid Level 1
244,First Aid Level 1
244,CPR-C
247,Forklift Operator
247,First Aid Level 1
249,WHMIS
251,Food Safe Level 1
252,CPR-C
253,First Aid Level 1
255,CPR-C
255,First Aid Level 1
256,WHMIS
258,WHMIS
258,Forklift Operator
258,First Aid Level 1
259,WHMIS
259,First Aid Level 1
262,Forklift Operator
264,First Aid Level 1
265,Food Safe Level 1
267,First Aid Level 1
268,Forklift Operator
268,WHMIS
268,First Aid Level 1
269,First Aid Level 1
272,WHMIS
273,First Aid Level 1
279,Cloud Practitioner
280,First Aid Level 1
280,WHMIS
283,First Aid Level 1
283,WHMIS
284,Food Safe Level 1
285,First Aid Level 1
285,CPR-C
286,First Aid Level 1
286,WHMIS
287,WHMIS
289,Forklift Operator
290,First Aid Level 1
292,Forklift Operator
292,First Aid Level 1
294,Serving It Right
295,CPR-C
299,WHMIS
300,WHMIS
300,Forklift Operator
300,First Aid Level 1
302,Serving It Right
303,First Aid Level 1
303,Forklift Operator
307,First Aid Level 1
308,First Aid Level 1
311,First Aid Level 1
313,First Aid Level 1
313,CPR-C
315,CPR-C
316,Forklift Operator
318,First Aid Level 1
318,Forklift Operator
318,WHMIS
323,First Aid Level 1
323,CPR-C
325,Cloud Practitioner
327,First Aid Level 1
328,WHMIS
328,First Aid Level 1
330,First Aid Level 1
333,WHMIS
333,Forklift Operator
334,CPR-C
334,First Aid Level 1
340,WHMIS
340,First Aid Level 1
340,Forklift Operator
341,First Aid Level 1
343,First Aid Level 1
344,First Aid Level 1
350,Forklift Operator
351,Forklift Operator
353,Forklift Operator
354,Forklift Operator
356,Serving It Right
357,Cloud Practitioner
358,CPR-C
359,Cloud Practitioner
361,CPR-C
364,WHMIS
364,Forklift Operator
366,First Aid Level 1
366,WHMIS
366,Forklift Operator
368,WHMIS
368,Forklift Operator
368,First Aid Level 1
370,First Aid Level 1
370,CPR-C
371,WHMIS
371,Forklift Operator
376,Forklift Operator
381,Cloud Practitioner
393,First Aid Level 1
393,CPR-C
394,CPR-C
397,Forklift Operator
397,WHMIS
398,WHMIS
398,Forklift Operator
399,Food Safe Level 1
405,WHMIS
406,First Aid Level 1
411,First Aid Level 1
412,First Aid Level 1
417,CPR-C
418,CPR-C
418,First Aid Level 1
420,First Aid Level 1
420,CPR-C
422,CPA
422,CFA Level I
424,First Aid Level 1
424,WHMIS
425,Food Safe Level 1
425,Serving It Right
426,First Aid Level 1
427,CPR-C
428,CFA Level I
428,CPA
433,First Aid Level 1
433,CPR-C
436,WHMIS
437,Forklift Operator
437,WHMIS
439,First Aid Level 1
440,Food Safe Level 1
442,Food Safe Level 1
444,First Aid Level 1
449,CFA Level I
450,First Aid Level 1
450,WHMIS
451,WHMIS
451,Forklift Operator
453,WHMIS
453,First Aid Level 1
457,WHMIS
460,Forklift Operator
460,WHMIS
461,First Aid Level 1
461,Forklift Operator
461,WHMIS
463,First Aid Level 1
464,First Aid Level 1
467,CPR-C
467,First Aid Level 1
469,First Aid Level 1
470,Serving It Right
473,First Aid Level 1
474,Serving It Right
475,Food Safe Level 1
479,First Aid Level 1
480,First Aid Level 1
481,Food Safe Level 1
483,First Aid Level 1
485,WHMIS
485,Forklift Operator
488,First Aid Level 1
489,First Aid Level 1
489,WHMIS
490,WHMIS
490,First Aid Level 1
492,Forklift Operator
494,WHMIS
494,First Aid Level 1
496,Food Safe Level 1
498,First Aid Level 1
499,First Aid Level 1
499,WHMIS
502,WHMIS
504,Forklift Operator
504,First Aid Level 1
504,WHMIS
507,CPR-C
510,First Aid Level 1
513,WHMIS
513,First Aid Level 1
515,First Aid Level 1
515,CPR-C
516,CPR-C
517,WHMIS
518,CPR-C
518,First Aid Level 1
521,Food Safe Level 1
521,Serving It Right
522,Food Safe Level 1
522,Serving It Right
524,CPA
524,CFA Level I
526,First Aid Level 1
526,WHMIS
529,First Aid Level 1
530,CFA Level I
531,CPR-C
533,First Aid Level 1
534,First Aid Level 1
536,WHMIS
536,Forklift Operator
537,Forklift Operator
537,WHMIS
541,First Aid Level 1
541,CPR-C
542,Security Fundamentals
545,First Aid Level 1
545,CPR-C
546,WHMIS
546,First Aid Level 1
547,First Aid Level 1
547,Forklift Operator
547,WHMIS
549,Forklift Operator
552,First Aid Level 1
553,CPR-C
554,First Aid Level 1
554,CPR-C
555,CPA
555,CFA Level I
558,First Aid Level 1
560,Security Fundamentals
564,CPR-C
564,First Aid Level 1
567,Forklift Operator
567,WHMIS
568,First Aid Level 1
571,Forklift Operator
573,Forklift Operator
574,Serving It Right
574,Food Safe Level 1
577,First Aid Level 1
578,CPR-C
578,First Aid Level 1
580,CPR-C
580,First Aid Level 1
581,WHMIS
582,Forklift Operator
582,WHMIS
582,First Aid Level 1
583,Cloud Practitioner
589,Food Safe Level 1
590,Serving It Right
590,Food Safe Level 1
592,Cloud Practitioner
592,Security Fundamentals
594,Serving It Right
594,Food Safe Level 1
595,Serving It Right
596,WHMIS
596,Forklift Operator
597,First Aid Level 1
601,WHMIS
601,Forklift Operator
603,First Aid Level 1
605,CFA Level I
605,CPA
610,CPR-C
611,WHMIS
611,First Aid Level 1
616,Forklift Operator
617,CPR-C
617,First Aid Level 1
618,CPA
620,CPR-C
620,First Aid Level 1
622,Cloud Practitioner
623,CPA
627,CPR-C
628,CPR-C
633,WHMIS
634,CPR-C
634,First Aid Level 1
635,CPR-C
639,Security Fundamentals
642,CPR-C
642,First Aid Level 1
643,Food Safe Level 1
644,WHMIS
645,CPR-C
646,First Aid Level 1
646,WHMIS
649,CPR-C
650,Forklift Operator
650,WHMIS
651,First Aid Level 1
651,WHMIS
653,CPR-C
653,First Aid Level 1
654,First Aid Level 1
654,CPR-C
655,CPR-C
655,First Aid Level 1
659,CPR-C
661,First Aid Level 1
661,CPR-C
662,Forklift Operator
663,CFA Level I
663,CPA
664,WHMIS
666,WHMIS
667,Food Safe Level 1
668,WHMIS
668,Forklift Operator
671,WHMIS
671,First Aid Level 1
672,Security Fundamentals
673,First Aid Level 1
675,Cloud Practitioner
675,Security Fundamentals
676,First Aid Level 1
676,CPR-C
677,First Aid Level 1
679,First Aid Level 1
683,First Aid Level 1
684,First Aid Level 1
684,CPR-C
690,CPR-C
690,First Aid Level 1
692,Cloud Practitioner
692,Security Fundamentals
696,CPR-C
696,First Aid Level 1
699,Food Safe Level 1
699,Serving It Right
701,Serving It Right
706,Cloud Practitioner
707,Serving It Right
709,First Aid Level 1
709,CPR-C
712,WHMIS
713,First Aid Level 1
716,Serving It Right
716,Food Safe Level 1
721,Food Safe Level 1
721,Serving It Right
723,First Aid Level 1
729,First Aid Level 1
729,CPR-C
734,Security Fundamentals
739,First Aid Level 1
744,First Aid Level 1
744,CPR-C
745,Cloud Practitioner
746,First Aid Level 1
746,Forklift Operator
749,Food Safe Level 1
751,WHMIS
751,Forklift Operator
754,CPR-C
755,CPA
763,First Aid Level 1
763,Forklift Operator
764,Security Fundamentals
764,Cloud Practitioner
765,First Aid Level 1
767,WHMIS
768,Cloud Practitioner
768,Security Fundamentals
774,CFA Level I
774,CPA
775,Food Safe Level 1
775,Serving It Right
779,Forklift Operator
779,First Aid Level 1
782,Forklift Operator
787,CFA Level I
788,Serving It Right
790,First Aid Level 1
791,Food Safe Level 1
794,First Aid Level 1
794,CPR-C
796,Forklift Operator
796,WHMIS
797,First Aid Level 1
798,First Aid Level 1
799,First Aid Level 1
800,First Aid Level 1
801,First Aid Level 1
802,Cloud Practitioner
804,Forklift Operator
805,Food Safe Level 1
807,CPR-C
807,First Aid Level 1
810,First Aid Level 1
811,First Aid Level 1
813,First Aid Level 1
818,Security Fundamentals
818,Cloud Practitioner
819,CFA Level I
822,CPR-C
822,First Aid Level 1
826,CPR-C
827,Food Safe Level 1
829,CFA Level I
829,CPA
834,CPR-C
834,First Aid Level 1
839,CPR-C
839,First Aid Level 1
843,First Aid Level 1
844,Food Safe Level 1
847,Cloud Practitioner
847,Security Fundamentals
848,CPA
848,CFA Level I
852,Food Safe Level 1
857,First Aid Level 1
857,WHMIS
858,First Aid Level 1
858,WHMIS
858,Forklift Operator
861,First Aid Level 1
861,Forklift Operator
862,First Aid Level 1
862,CPR-C
864,WHMIS
867,First Aid Level 1
870,First Aid Level 1
870,CPR-C
873,CPR-C
881,CPR-C
881,First Aid Level 1
882,First Aid Level 1
882,Forklift Operator
882,WHMIS
883,Food Safe Level 1
883,Serving It Right
884,CPR-C
887,First Aid Level 1
890,First Aid Level 1
891,Food Safe Level 1
892,Security Fundamentals
893,First Aid Level 1
893,CPR-C
895,Forklift Operator
895,WHMIS
896,CPR-C
896,First Aid Level 1
898,Security Fundamentals
901,Security Fundamentals
904,WHMIS
906,First Aid Level 1
907,WHMIS
908,WHMIS
908,Forklift Operator
911,WHMIS
911,Forklift Operator
914,Serving It Right
914,Food Safe Level 1
915,WHMIS
915,Forklift Operator
915,First Aid Level 1
920,CPR-C
920,First Aid Level 1
921,WHMIS
921,Forklift Operator
925,First Aid Level 1
926,WHMIS
926,Forklift Operator
927,Food Safe Level 1
927,Serving It Right
931,Forklift Operator
931,First Aid Level 1
931,WHMIS
933,CFA Level I
936,CPR-C
936,First Aid Level 1
937,CPA
940,Forklift Operator
946,CPR-C
946,First Aid Level 1
947,Forklift Operator
949,CPR-C
951,CFA Level I
951,CPA
954,First Aid Level 1
955,CPR-C
955,First Aid Level 1
957,Food Safe Level 1
957,Serving It Right
958,First Aid Level 1
961,WHMIS
961,Forklift Operator
962,Forklift Operator
962,WHMIS
963,Forklift Operator
963,WHMIS
968,First Aid Level 1
972,Forklift Operator
975,First Aid Level 1
975,CPR-C
981,CPR-C
983,Security Fundamentals
983,Cloud Practitioner
984,Forklift Operator
987,Security Fundamentals
987,Cloud Practitioner
989,First Aid Level 1
990,CPR-C
995,Forklift Operator
995,WHMIS
995,First Aid Level 1
996,Forklift Operator
997,CPR-C
998,CPR-C
998,First Aid Level 1
