respondent_id,age,gender,education,province,industry,union_member,weekly_hours,hourly_wage
1,23,Man,Bachelor's degree,British Columbia,Manufacturing,0,40.0,31.61
2,55,Man,Graduate degree,Ontario,Health care,0,37.5,49.16
3,49,Man,College diploma,Quebec,Retail,0,40.0,24.7
4,39,Man,College diploma,Ontario,Education,0,40.0,26.09
5,39,Man,Bachelor's degree,British Columbia,Technology,0,35.0,53.48
6,59,Man,College diploma,British Columbia,Health care,1,37.5,36.0
7,23,Woman,Bachelor's degree,Quebec,Health care,0,37.5,27.89
8,51,Man,College diploma,Quebec,Technology,0,35.0,71.43
9,28,Man,High school,Manitoba,Education,1,35.0,26.31
10,23,Woman,Bachelor's degree,Ontario,Construction,0,40.0,43.31
11,43,Woman,High school,Alberta,Public administration,1,35.0,32.54
12,64,Man,High school,Alberta,Technology,0,40.0,48.61
13,53,Woman,Bachelor's degree,British Columbia,Public administration,1,40.0,48.52
14,54,Woman,Bachelor's degree,British Columbia,Public administration,0,25.0,33.87
15,52,Woman,Graduate degree,British Columbia,Public administration,1,40.0,78.71
16,55,Woman,High school,Ontario,Technology,0,35.0,45.49
17,43,Woman,High school,British Columbia,Education,0,35.0,38.63
18,25,Man,Graduate degree,British Columbia,Hospitality,0,37.5,24.91
19,58,Woman,High school,Manitoba,Health care,0,40.0,35.2
20,40,Man,High school,British Columbia,Technology,0,40.0,35.52
21,42,Man,College diploma,British Columbia,Health care,0,37.5,49.04
22,36,Woman,College diploma,Manitoba,Finance,0,37.5,45.7
23,27,Woman,Graduate degree,Alberta,Retail,0,40.0,35.17
24,62,Man,Bachelor's degree,Ontario,Manufacturing,0,37.5,59.57
25,55,Woman,Bachelor's degree,Quebec,Health care,1,40.0,59.84
26,49,Woman,High school,British Columbia,Health care,0,21.0,42.45
27,37,Man,College diploma,Quebec,Retail,0,37.5,20.36
28,57,Nonbinary,College diploma,Quebec,Hospitality,0,26.0,25.4
29,44,Man,High school,Ontario,Finance,0,35.0,34.03
30,39,Woman,High school,Ontario,Health care,0,37.5,38.87
31,40,Man,College diploma,Ontario,Retail,0,40.0,29.92
32,29,Man,High school,Ontario,Retail,0,35.0,17.4
33,23,Woman,College diploma,Ontario,Health care,0,40.0,26.77
34,45,Man,Bachelor's degree,British Columbia,Hospitality,0,29.0,23.74
35,60,Woman,High school,Quebec,Technology,0,35.0,46.17
36,21,Woman,College diploma,Manitoba,Technology,0,35.0,23.82
37,59,Man,Bachelor's degree,Ontario,Hospitality,0,24.0,38.57
38,57,Woman,Bachelor's degree,Alberta,Education,0,16.0,48.0
39,32,Woman,Bachelor's degree,British Columbia,Hospitality,0,37.5,43.19
40,48,Man,College diploma,Saskatchewan,Construction,1,40.0,47.53
41,26,Nonbinary,Bachelor's degree,Saskatchewan,Finance,0,40.0,38.37
42,54,Man,High school,Alberta,Health care,1,12.0,43.64
43,51,Man,College diploma,British Columbia,Finance,0,37.5,35.55
44,35,Nonbinary,High school,British Columbia,Hospitality,0,40.0,18.89
45,22,Woman,College diploma,Saskatchewan,Construction,0,12.0,29.68
46,64,Woman,College diploma,Alberta,Health care,0,25.0,24.42
47,39,Woman,High school,Quebec,Health care,1,37.5,32.85
48,60,Woman,Bachelor's degree,British Columbia,Public administration,1,40.0,39.24
49,50,Man,College diploma,British Columbia,Retail,0,40.0,31.72
50,55,Woman,High school,British Columbia,Finance,0,28.0,35.17
51,54,Woman,High school,Manitoba,Finance,1,37.5,48.88
52,28,Woman,College diploma,Saskatchewan,Health care,1,40.0,30.95
53,36,Woman,College diploma,Ontario,Manufacturing,0,35.0,45.68
54,40,Man,College diploma,Quebec,Health care,0,40.0,36.69
55,42,Woman,High school,British Columbia,Construction,1,40.0,29.13
56,21,Woman,Bachelor's degree,Ontario,Technology,0,40.0,37.73
57,44,Woman,Graduate degree,British Columbia,Health care,1,40.0,38.56
58,26,Man,College diploma,British Columbia,Public administration,1,37.5,34.46
59,53,Man,Bachelor's degree,Alberta,Education,1,40.0,50.09
60,51,Man,Bachelor's degree,British Columbia,Health care,0,40.0,79.17
61,62,Woman,Graduate degree,Ontario,Technology,0,40.0,60.44
62,54,Woman,Bachelor's degree,Ontario,Health care,1,37.5,43.69
63,36,Man,Graduate degree,Ontario,Finance,0,35.0,51.26
64,64,Man,Graduate degree,Saskatchewan,Hospitality,0,37.5,41.54
65,38,Man,Bachelor's degree,Ontario,Public administration,1,37.5,48.06
66,34,Man,College diploma,Alberta,Technology,0,40.0,43.13
67,61,Man,High school,British Columbia,Finance,0,40.0,56.29
68,36,Woman,High school,British Columbia,Health care,0,16.0,27.88
69,22,Woman,College diploma,Ontario,Finance,1,40.0,41.44
70,41,Man,College diploma,Quebec,Construction,0,37.5,42.08
71,56,Woman,College diploma,British Columbia,Technology,0,37.5,51.18
72,27,Man,College diploma,Manitoba,Hospitality,0,37.5,20.91
73,40,Woman,College diploma,Ontario,Construction,0,37.5,63.1
74,25,Man,Bachelor's degree,Ontario,Health care,0,35.0,28.24
75,51,Man,High school,Manitoba,Construction,1,37.5,39.01
76,41,Man,High school,Ontario,Manufacturing,1,29.0,27.55
77,34,Man,Bachelor's degree,Ontario,Finance,0,40.0,71.44
78,29,Man,Bachelor's degree,Quebec,Construction,0,35.0,44.75
79,45,Man,Graduate degree,British Columbia,Technology,0,37.5,57.77
80,50,Woman,Bachelor's degree,Quebec,Retail,1,35.0,40.34
81,63,Man,Graduate degree,British Columbia,Technology,0,25.0,73.06
82,39,Man,College diploma,Ontario,Technology,0,40.0,41.53
83,26,Woman,College diploma,British Columbia,Manufacturing,0,37.5,33.69
84,58,Woman,High school,British Columbia,Technology,0,35.0,51.06
85,48,Man,Bachelor's degree,British Columbia,Public administration,1,23.0,50.52
86,51,Man,Graduate degree,Alberta,Technology,0,40.0,68.66
87,23,Woman,College diploma,British Columbia,Manufacturing,0,40.0,29.48
88,33,Woman,College diploma,British Columbia,Health care,0,40.0,35.23
89,55,Woman,College diploma,Alberta,Technology,0,40.0,51.95
90,58,Woman,High school,Alberta,Construction,0,40.0,32.02
91,39,Man,High school,Ontario,Technology,0,37.5,61.72
92,56,Woman,High school,Quebec,Construction,0,40.0,29.28
93,58,Woman,Graduate degree,Ontario,Technology,0,37.5,76.82
94,37,Man,College diploma,British Columbia,Retail,0,24.0,25.94
95,61,Woman,Bachelor's degree,British Columbia,Retail,0,37.5,53.45
96,32,Woman,Bachelor's degree,Quebec,Public administration,1,35.0,33.35
97,30,Man,High school,British Columbia,Finance,0,40.0,30.31
98,51,Man,High school,Alberta,Finance,0,40.0,35.7
99,48,Nonbinary,Bachelor's degree,Quebec,Public administration,0,16.0,51.73
100,25,Man,High school,Quebec,Health care,1,40.0,19.66
101,58,Woman,Graduate degree,Alberta,Construction,0,37.5,49.5
102,28,Man,High school,Ontario,Retail,0,37.5,17.4
103,56,Man,Bachelor's degree,Alberta,Health care,0,29.0,48.95
104,19,Man,Bachelor's degree,Ontario,Hospitality,0,37.5,19.65
105,56,Man,High school,British Columbia,Public administration,0,37.5,27.96
106,55,Man,High school,British Columbia,Retail,0,30.0,36.46
107,55,Man,Graduate degree,Ontario,Hospitality,0,35.0,30.25
108,50,Woman,High school,British Columbia,Construction,0,30.0,43.37
109,41,Man,College diploma,Ontario,Hospitality,0,18.0,23.5
110,52,Woman,College diploma,Alberta,Hospitality,0,40.0,41.84
111,32,Man,High school,Quebec,Education,0,35.0,33.81
112,55,Man,Bachelor's degree,Ontario,Construction,1,37.5,37.55
113,45,Man,Bachelor's degree,Saskatchewan,Education,0,23.0,34.6
114,40,Nonbinary,College diploma,Ontario,Finance,0,35.0,51.12
115,42,Woman,Bachelor's degree,British Columbia,Education,1,37.5,38.98
116,45,Man,High school,Saskatchewan,Education,1,40.0,32.09
117,20,Man,High school,British Columbia,Manufacturing,0,40.0,30.31
118,25,Woman,College diploma,Quebec,Hospitality,0,35.0,18.28
119,30,Woman,Graduate degree,Ontario,Construction,0,40.0,44.85
120,24,Woman,High school,Quebec,Public administration,1,40.0,34.13
121,39,Man,High school,Quebec,Education,1,37.5,37.64
122,50,Woman,College diploma,Quebec,Construction,1,12.0,38.45
123,49,Nonbinary,Bachelor's degree,British Columbia,Health care,0,40.0,42.8
124,41,Woman,High school,Quebec,Finance,0,40.0,28.18
125,59,Nonbinary,College diploma,Manitoba,Education,1,40.0,30.07
126,45,Woman,Bachelor's degree,Alberta,Health care,0,40.0,47.74
127,22,Man,College diploma,Manitoba,Finance,0,40.0,32.36
128,54,Woman,High school,Alberta,Education,0,40.0,35.25
129,46,Man,High school,British Columbia,Education,0,40.0,42.16
130,48,Man,College diploma,British Columbia,Hospitality,0,40.0,22.28
131,45,Man,College diploma,British Columbia,Retail,0,40.0,28.61
132,45,Man,Bachelor's degree,Saskatchewan,Public administration,1,40.0,49.27
133,23,Woman,Bachelor's degree,Quebec,Education,1,19.0,26.42
134,45,Woman,Bachelor's degree,Ontario,Manufacturing,0,35.0,58.6
135,56,Woman,Graduate degree,Saskatchewan,Health care,1,40.0,66.54
136,33,Woman,College diploma,Alberta,Retail,0,27.0,28.08
137,47,Man,College diploma,Alberta,Finance,0,40.0,70.38
138,20,Man,Graduate degree,British Columbia,Hospitality,0,30.0,18.95
139,35,Man,High school,Ontario,Technology,0,40.0,40.38
140,39,Man,Bachelor's degree,British Columbia,Health care,0,37.5,45.63
141,65,Man,Bachelor's degree,Ontario,Construction,0,40.0,37.48
142,29,Man,High school,Ontario,Retail,0,35.0,24.1
143,31,Woman,College diploma,Manitoba,Technology,0,40.0,32.67
144,38,Woman,High school,Quebec,Hospitality,0,35.0,28.23
145,65,Man,High school,British Columbia,Retail,0,40.0,35.43
146,59,Man,College diploma,Quebec,Technology,0,40.0,54.38
147,20,Woman,College diploma,Ontario,Manufacturing,0,40.0,17.4
148,29,Man,Bachelor's degree,Ontario,Manufacturing,0,40.0,28.31
149,57,Man,Graduate degree,Ontario,Construction,1,37.5,62.32
150,21,Woman,Bachelor's degree,Ontario,Finance,0,35.0,38.07
151,59,Woman,High school,Quebec,Construction,0,28.0,20.36
152,32,Man,High school,Alberta,Hospitality,0,40.0,29.35
153,62,Man,High school,Ontario,Construction,0,40.0,37.65
154,32,Woman,High school,Ontario,Hospitality,0,37.5,18.65
155,39,Man,Graduate degree,Alberta,Construction,1,37.5,62.11
156,50,Woman,College diploma,Quebec,Retail,0,37.5,26.72
157,24,Man,High school,Alberta,Hospitality,0,27.0,17.4
158,45,Woman,Bachelor's degree,Manitoba,Manufacturing,1,37.5,46.27
159,42,Man,College diploma,British Columbia,Finance,0,35.0,67.53
160,55,Woman,High school,British Columbia,Retail,0,14.0,41.04
161,65,Woman,High school,Ontario,Hospitality,0,23.0,28.62
162,50,Man,Bachelor's degree,Alberta,Finance,0,37.5,61.95
163,38,Woman,Bachelor's degree,Alberta,Finance,0,35.0,60.5
164,38,Woman,High school,British Columbia,Education,0,40.0,23.62
165,38,Woman,Graduate degree,Saskatchewan,Construction,0,40.0,56.84
166,57,Man,Bachelor's degree,Ontario,Manufacturing,0,14.0,37.96
167,34,Man,Bachelor's degree,Quebec,Hospitality,0,40.0,31.38
168,26,Nonbinary,High school,British Columbia,Retail,0,37.5,20.29
169,34,Woman,High school,Manitoba,Manufacturing,0,40.0,33.33
170,20,Woman,Bachelor's degree,Alberta,Health care,0,40.0,31.12
171,23,Woman,College diploma,Ontario,Manufacturing,0,19.0,17.4
172,23,Man,Bachelor's degree,Alberta,Education,1,40.0,32.08
173,55,Nonbinary,Bachelor's degree,Alberta,Construction,0,40.0,53.98
174,52,Man,High school,Alberta,Manufacturing,1,21.0,38.46
175,51,Man,Bachelor's degree,Manitoba,Technology,1,37.5,57.73
176,40,Woman,Graduate degree,Saskatchewan,Finance,0,14.0,87.55
177,52,Man,Bachelor's degree,Alberta,Construction,1,15.0,49.9
178,26,Man,College diploma,Ontario,Health care,0,40.0,32.68
179,61,Woman,Bachelor's degree,Ontario,Construction,0,40.0,58.64
180,42,Woman,College diploma,Alberta,Retail,0,37.5,31.83
181,63,Woman,Bachelor's degree,Ontario,Technology,0,40.0,48.28
182,26,Woman,Bachelor's degree,Quebec,Hospitality,0,35.0,17.4
183,42,Woman,Bachelor's degree,British Columbia,Manufacturing,0,15.0,37.55
184,51,Woman,College diploma,Manitoba,Health care,0,40.0,46.8
185,42,Man,High school,British Columbia,Hospitality,0,40.0,23.41
186,39,Woman,High school,Ontario,Retail,0,40.0,31.07
187,26,Woman,College diploma,British Columbia,Manufacturing,0,40.0,29.46
188,36,Man,College diploma,Ontario,Public administration,1,40.0,49.25
189,30,Man,College diploma,British Columbia,Education,1,23.0,28.46
190,33,Man,College diploma,Saskatchewan,Manufacturing,1,35.0,35.67
191,51,Woman,Bachelor's degree,Quebec,Retail,0,40.0,40.43
192,48,Man,Graduate degree,Alberta,Education,0,40.0,70.48
193,47,Woman,High school,Quebec,Retail,0,16.0,19.18
194,36,Woman,Bachelor's degree,Quebec,Health care,0,12.0,36.7
195,64,Man,Bachelor's degree,Quebec,Technology,0,37.5,70.58
196,23,Man,College diploma,British Columbia,Manufacturing,0,20.0,37.68
197,35,Man,High school,Ontario,Construction,0,23.0,33.55
198,24,Man,Bachelor's degree,British Columbia,Retail,0,35.0,24.43
199,34,Man,Graduate degree,Alberta,Retail,0,40.0,43.06
200,64,Woman,Bachelor's degree,Quebec,Health care,1,35.0,55.21
201,36,Woman,Graduate degree,Ontario,Finance,0,35.0,53.76
202,61,Woman,Graduate degree,Manitoba,Construction,1,37.5,58.81
203,42,Woman,College diploma,Alberta,Health care,0,35.0,48.45
204,51,Man,Bachelor's degree,Ontario,Education,0,40.0,66.31
205,40,Woman,College diploma,Ontario,Retail,0,37.5,33.93
206,31,Man,Graduate degree,Alberta,Hospitality,0,37.5,33.1
207,54,Man,High school,Quebec,Construction,0,35.0,36.38
208,64,Man,College diploma,British Columbia,Education,0,37.5,42.21
209,31,Woman,Bachelor's degree,British Columbia,Health care,0,24.0,36.76
210,55,Woman,College diploma,Ontario,Technology,0,40.0,53.47
211,31,Nonbinary,Bachelor's degree,Quebec,Finance,0,37.5,36.5
212,52,Man,College diploma,British Columbia,Technology,0,40.0,67.82
213,56,Man,Graduate degree,British Columbia,Public administration,0,37.5,45.02
214,40,Man,Graduate degree,British Columbia,Technology,0,40.0,58.32
215,53,Man,College diploma,Quebec,Finance,1,40.0,49.68
216,31,Woman,Bachelor's degree,British Columbia,Finance,0,37.5,71.38
217,22,Man,College diploma,Saskatchewan,Technology,0,40.0,31.95
218,23,Woman,Bachelor's degree,Quebec,Technology,0,40.0,35.96
219,40,Man,Bachelor's degree,British Columbia,Public administration,0,37.5,40.03
220,61,Man,Bachelor's degree,Manitoba,Health care,1,16.0,66.46
221,24,Man,High school,Saskatchewan,Education,1,40.0,17.4
222,40,Woman,High school,Ontario,Health care,1,35.0,26.85
223,52,Woman,Bachelor's degree,Alberta,Finance,0,40.0,102.77
224,28,Man,College diploma,Alberta,Health care,1,40.0,35.1
225,52,Woman,College diploma,British Columbia,Technology,0,18.0,39.98
226,33,Woman,High school,Ontario,Technology,0,40.0,38.94
227,57,Woman,College diploma,Ontario,Public administration,0,40.0,43.07
228,46,Woman,Bachelor's degree,British Columbia,Construction,0,40.0,54.54
229,44,Woman,High school,Alberta,Technology,0,24.0,66.87
230,27,Man,College diploma,Quebec,Technology,0,35.0,42.31
231,40,Woman,Graduate degree,British Columbia,Public administration,0,25.0,47.1
232,59,Woman,High school,British Columbia,Finance,0,40.0,52.94
233,19,Woman,Bachelor's degree,Manitoba,Health care,0,40.0,25.39
234,54,Woman,High school,British Columbia,Health care,0,15.0,29.04
235,42,Woman,Bachelor's degree,British Columbia,Hospitality,0,26.0,21.84
236,52,Man,Bachelor's degree,Alberta,Public administration,1,40.0,34.72
237,50,Woman,Graduate degree,British Columbia,Construction,0,40.0,44.58
238,39,Woman,High school,Saskatchewan,Technology,0,35.0,32.82
239,33,Woman,College diploma,Ontario,Technology,0,40.0,46.07
240,48,Woman,Bachelor's degree,Manitoba,Health care,0,35.0,34.85
241,25,Woman,High school,British Columbia,Hospitality,0,37.5,17.4
242,46,Woman,High school,Ontario,Hospitality,0,40.0,20.76
243,23,Man,High school,British Columbia,Finance,0,40.0,28.08
244,49,Woman,Graduate degree,Ontario,Health care,1,37.5,46.85
245,48,Man,Bachelor's degree,Alberta,Retail,0,40.0,49.86
246,22,Woman,Bachelor's degree,Ontario,Technology,0,40.0,35.59
247,54,Woman,Bachelor's degree,British Columbia,Construction,0,35.0,56.82
248,38,Woman,College diploma,British Columbia,Finance,0,37.5,43.57
249,55,Man,College diploma,Saskatchewan,Construction,1,40.0,39.97
250,20,Man,College diploma,British Columbia,Hospitality,0,24.0,17.4
251,27,Woman,Bachelor's degree,British Columbia,Retail,0,37.5,27.29
252,42,Woman,High school,Ontario,Health care,0,40.0,28.86
253,27,Woman,Graduate degree,Ontario,Health care,0,40.0,42.82
254,34,Woman,Bachelor's degree,British Columbia,Technology,0,24.0,48.14
255,50,Man,College diploma,Quebec,Health care,0,40.0,32.03
256,25,Woman,College diploma,Ontario,Manufacturing,0,35.0,34.77
257,50,Woman,High school,Quebec,Construction,0,35.0,39.98
258,23,Man,Graduate degree,Ontario,Construction,0,35.0,34.83
259,27,Woman,Graduate degree,Ontario,Public administration,1,40.0,45.22
260,46,Woman,Graduate degree,Saskatchewan,Hospitality,0,40.0,38.26
261,56,Man,College diploma,Ontario,Public administration,1,40.0,35.06
262,27,Woman,High school,Quebec,Construction,0,35.0,28.36
263,33,Woman,High school,British Columbia,Retail,0,40.0,21.0
264,62,Woman,High school,British Columbia,Construction,1,35.0,29.68
265,65,Man,High school,British Columbia,Retail,0,37.5,19.65
266,46,Woman,High school,Quebec,Technology,0,37.5,41.84
267,40,Woman,Graduate degree,Alberta,Health care,0,16.0,56.58
268,35,Woman,High school,Ontario,Construction,1,20.0,27.31
269,47,Woman,High school,Ontario,Education,0,40.0,58.78
270,46,Man,Bachelor's degree,Quebec,Education,1,40.0,51.81
271,32,Woman,College diploma,British Columbia,Public administration,0,40.0,46.66
272,20,Man,Bachelor's degree,Ontario,Public administration,1,35.0,38.35
273,26,Man,Bachelor's degree,Quebec,Education,1,40.0,49.3
274,64,Man,Graduate degree,British Columbia,Technology,0,40.0,57.8
275,38,Woman,Bachelor's degree,Ontario,Technology,0,37.5,30.42
276,41,Man,College diploma,Alberta,Health care,1,40.0,33.55
277,40,Man,Bachelor's degree,Ontario,Technology,0,40.0,61.79
278,55,Woman,College diploma,Saskatchewan,Retail,0,37.5,32.48
279,22,Man,College diploma,British Columbia,Technology,0,40.0,37.25
280,22,Man,College diploma,British Columbia,Public administration,1,37.5,38.77
281,31,Woman,High school,British Columbia,Retail,0,35.0,25.38
282,41,Man,Bachelor's degree,British Columbia,Finance,0,40.0,62.61
283,50,Woman,High school,Ontario,Public administration,1,30.0,31.12
284,42,Man,High school,Alberta,Hospitality,0,37.5,19.88
285,39,Nonbinary,High school,British Columbia,Health care,0,37.5,47.24
286,63,Woman,Bachelor's degree,Ontario,Public administration,1,15.0,49.74
287,26,Man,College diploma,Ontario,Public administration,1,37.5,27.47
288,45,Woman,Bachelor's degree,Manitoba,Retail,0,40.0,30.54
289,44,Man,Bachelor's degree,Quebec,Manufacturing,1,37.5,36.79
290,41,Man,High school,Alberta,Education,1,35.0,27.53
291,56,Woman,Bachelor's degree,Ontario,Hospitality,0,40.0,25.94
292,31,Woman,College diploma,British Columbia,Construction,0,40.0,23.57
293,63,Woman,High school,Ontario,Retail,0,37.5,27.16
294,34,Woman,Bachelor's degree,Quebec,Hospitality,0,37.5,25.68
295,44,Woman,Graduate degree,Ontario,Health care,1,35.0,66.13
296,43,Woman,College diploma,Manitoba,Education,1,35.0,38.25
297,58,Woman,College diploma,Ontario,Education,1,37.5,40.27
298,39,Woman,College diploma,Alberta,Technology,0,24.0,39.51
299,32,Man,College diploma,Ontario,Manufacturing,0,40.0,30.86
300,20,Man,Bachelor's degree,Ontario,Construction,1,14.0,33.15
301,36,Man,Bachelor's degree,Quebec,Retail,0,40.0,37.38
302,57,Woman,Bachelor's degree,Saskatchewan,Hospitality,0,37.5,33.69
303,19,Man,High school,British Columbia,Construction,0,37.5,29.83
304,61,Man,Bachelor's degree,Ontario,Hospitality,0,37.5,34.24
305,44,Woman,Bachelor's degree,British Columbia,Retail,0,37.5,41.37
306,25,Woman,Bachelor's degree,British Columbia,Hospitality,0,40.0,22.48
307,33,Man,High school,British Columbia,Education,1,37.5,19.54
308,45,Woman,College diploma,Ontario,Education,0,40.0,38.66
309,33,Man,College diploma,British Columbia,Public administration,1,37.5,41.72
310,24,Nonbinary,High school,British Columbia,Technology,0,24.0,37.96
311,50,Woman,High school,British Columbia,Health care,0,40.0,39.54
312,50,Woman,College diploma,Quebec,Retail,1,37.5,28.73
313,24,Nonbinary,Bachelor's degree,Ontario,Health care,1,35.0,27.73
314,32,Man,High school,British Columbia,Retail,0,40.0,26.77
315,30,Woman,Bachelor's degree,British Columbia,Health care,1,40.0,40.74
316,49,Man,College diploma,Manitoba,Manufacturing,0,37.5,33.34
317,53,Man,Bachelor's degree,British Columbia,Manufacturing,0,40.0,56.72
318,53,Man,College diploma,Ontario,Construction,0,35.0,33.11
319,63,Man,College diploma,Alberta,Education,0,37.5,32.99
320,55,Woman,Bachelor's degree,Quebec,Finance,0,40.0,81.24
321,34,Woman,Graduate degree,British Columbia,Technology,0,37.5,72.03
322,24,Man,College diploma,Ontario,Education,1,37.5,25.06
323,47,Woman,College diploma,British Columbia,Health care,1,27.0,41.36
324,62,Man,Bachelor's degree,Quebec,Retail,1,35.0,37.43
325,64,Man,Bachelor's degree,Quebec,Technology,0,35.0,32.01
326,29,Woman,High school,Ontario,Health care,0,35.0,23.49
327,30,Man,College diploma,Alberta,Construction,0,20.0,31.89
328,20,Woman,College diploma,British Columbia,Construction,1,40.0,24.37
329,25,Man,Graduate degree,Ontario,Public administration,1,23.0,44.47
330,45,Woman,College diploma,Ontario,Education,0,37.5,46.72
331,44,Man,College diploma,British Columbia,Health care,0,40.0,35.42
332,36,Man,Graduate degree,Alberta,Education,1,35.0,35.91
333,33,Woman,College diploma,Alberta,Manufacturing,0,37.5,34.56
334,58,Man,High school,Ontario,Health care,1,40.0,33.97
335,40,Man,High school,Ontario,Construction,1,37.5,32.67
336,56,Man,High school,Ontario,Health care,0,27.0,34.25
337,64,Man,High school,Ontario,Education,1,40.0,55.88
338,33,Nonbinary,College diploma,British Columbia,Retail,0,40.0,17.4
339,28,Woman,Bachelor's degree,Alberta,Technology,0,35.0,42.21
340,63,Man,Bachelor's degree,British Columbia,Construction,0,35.0,46.23
341,48,Woman,High school,Ontario,Education,1,35.0,28.59
342,32,Man,College diploma,Alberta,Education,0,40.0,38.24
343,48,Man,High school,Alberta,Education,1,21.0,40.6
344,43,Woman,Graduate degree,British Columbia,Education,1,40.0,48.39
345,61,Woman,High school,British Columbia,Public administration,1,37.5,36.31
346,31,Man,Bachelor's degree,Manitoba,Health care,0,40.0,36.79
347,65,Woman,College diploma,British Columbia,Technology,0,22.0,49.0
348,62,Man,Bachelor's degree,British Columbia,Technology,0,22.0,58.04
349,27,Woman,College diploma,Ontario,Hospitality,0,29.0,21.5
350,26,Man,Bachelor's degree,Alberta,Construction,0,35.0,36.82
351,44,Woman,High school,Alberta,Manufacturing,0,35.0,39.4
352,21,Woman,Graduate degree,Alberta,Construction,0,23.0,28.05
353,33,Man,College diploma,Ontario,Manufacturing,0,37.5,25.54
354,39,Man,Bachelor's degree,British Columbia,Manufacturing,0,37.5,27.53
355,64,Woman,Bachelor's degree,Ontario,Education,1,37.5,52.49
356,65,Woman,Graduate degree,Quebec,Hospitality,0,37.5,41.68
357,26,Man,High school,Ontario,Technology,0,40.0,38.92
358,60,Man,College diploma,Alberta,Health care,1,35.0,29.07
359,23,Woman,High school,Ontario,Technology,0,35.0,48.5
360,54,Man,High school,Alberta,Retail,0,21.0,25.08
361,58,Man,College diploma,Alberta,Health care,0,40.0,41.44
362,60,Man,Graduate degree,Saskatchewan,Retail,0,15.0,51.53
363,29,Man,Graduate degree,British Columbia,Education,1,35.0,32.75
364,60,Man,College diploma,British Columbia,Manufacturing,0,22.0,33.92
365,24,Woman,Bachelor's degree,Alberta,Public administration,0,37.5,36.58
366,43,Man,Bachelor's degree,British Columbia,Construction,0,35.0,82.96
367,41,Man,Graduate degree,Alberta,Health care,1,37.5,53.92
368,33,Man,High school,Manitoba,Construction,0,40.0,44.02
369,20,Woman,College diploma,Quebec,Education,1,14.0,32.36
370,55,Woman,Bachelor's degree,British Columbia,Health care,0,40.0,50.31
371,34,Man,College diploma,Ontario,Manufacturing,0,23.0,26.27
372,50,Woman,College diploma,Alberta,Hospitality,0,37.5,36.88
373,38,Nonbinary,Graduate degree,British Columbia,Retail,0,40.0,27.63
374,36,Woman,Graduate degree,British Columbia,Retail,0,17.0,53.29
375,60,Man,Graduate degree,British Columbia,Public administration,1,40.0,60.23
376,23,Man,Bachelor's degree,British Columbia,Manufacturing,1,23.0,17.4
377,53,Woman,High school,British Columbia,Retail,0,12.0,26.56
378,54,Woman,College diploma,Alberta,Public administration,0,40.0,48.91
379,36,Man,College diploma,Saskatchewan,Retail,0,40.0,26.09
380,31,Man,College diploma,British Columbia,Manufacturing,0,35.0,36.5
381,19,Woman,College diploma,British Columbia,Technology,0,40.0,27.14
382,63,Man,Bachelor's degree,British Columbia,Public administration,0,40.0,36.5
383,63,Man,College diploma,Manitoba,Technology,0,40.0,49.84
384,30,Woman,Bachelor's degree,British Columbia,Health care,0,27.0,37.35
385,20,Woman,College diploma,Manitoba,Public administration,0,40.0,25.66
386,24,Woman,College diploma,British Columbia,Retail,0,23.0,29.37
387,22,Woman,High school,British Columbia,Public administration,0,35.0,21.98
388,58,Woman,High school,Quebec,Finance,0,40.0,47.76
389,60,Woman,Bachelor's degree,British Columbia,Public administration,1,40.0,49.85
390,26,Man,College diploma,British Columbia,Construction,0,40.0,21.28
391,54,Woman,High school,British Columbia,Hospitality,0,37.5,20.2
392,27,Man,Bachelor's degree,Quebec,Education,0,40.0,33.52
393,36,Woman,College diploma,Ontario,Health care,1,37.5,54.02
394,47,Woman,High school,Ontario,Health care,1,35.0,40.31
395,52,Man,College diploma,Quebec,Public administration,1,35.0,28.84
396,60,Man,High school,British Columbia,Education,0,14.0,17.46
397,21,Woman,Bachelor's degree,Quebec,Construction,0,37.5,36.82
398,28,Woman,High school,British Columbia,Manufacturing,0,37.5,26.5
399,32,Woman,High school,Ontario,Retail,0,40.0,30.48
400,33,Man,High school,Alberta,Hospitality,0,19.0,18.68
401,65,Woman,College diploma,Alberta,Hospitality,0,40.0,31.25
402,55,Woman,High school,Quebec,Technology,0,35.0,56.46
403,34,Woman,Bachelor's degree,British Columbia,Technology,0,40.0,45.95
404,64,Woman,High school,Quebec,Health care,0,17.0,32.67
405,42,Man,Bachelor's degree,Alberta,Manufacturing,1,40.0,41.94
406,42,Man,College diploma,Ontario,Education,1,40.0,40.05
407,39,Man,College diploma,Quebec,Technology,0,40.0,46.38
408,25,Woman,High school,British Columbia,Finance,0,35.0,40.24
409,62,Woman,Bachelor's degree,Quebec,Health care,0,35.0,41.54
410,19,Woman,Graduate degree,Manitoba,Technology,0,37.5,33.31
411,27,Man,High school,Ontario,Health care,1,35.0,42.71
412,29,Man,High school,British Columbia,Health care,0,37.5,25.1
413,32,Man,Graduate degree,Manitoba,Finance,0,37.5,48.47
414,25,Nonbinary,College diploma,Ontario,Manufacturing,1,40.0,27.55
415,19,Nonbinary,High school,Alberta,Manufacturing,0,40.0,22.71
416,50,Man,High school,British Columbia,Construction,0,40.0,33.43
417,64,Woman,Bachelor's degree,British Columbia,Health care,1,20.0,45.43
418,24,Woman,Bachelor's degree,Quebec,Health care,1,35.0,32.83
419,32,Woman,College diploma,British Columbia,Education,0,23.0,32.6
420,42,Man,Graduate degree,Ontario,Health care,1,40.0,30.33
421,62,Woman,College diploma,Quebec,Hospitality,0,14.0,44.35
422,51,Man,College diploma,British Columbia,Finance,0,37.5,46.8
423,55,Man,College diploma,British Columbia,Manufacturing,1,37.5,43.6
424,46,Man,College diploma,Ontario,Public administration,0,37.5,30.25
425,38,Woman,High school,British Columbia,Hospitality,0,37.5,21.87
426,28,Woman,High school,Manitoba,Health care,1,37.5,24.29
427,59,Woman,College diploma,Ontario,Health care,1,37.5,55.11
428,56,Man,Bachelor's degree,Manitoba,Finance,0,18.0,49.85
429,20,Man,High school,Alberta,Retail,0,40.0,22.16
430,52,Man,College diploma,Ontario,Finance,0,40.0,42.03
431,22,Woman,Bachelor's degree,Ontario,Health care,0,40.0,28.72
432,53,Woman,Bachelor's degree,British Columbia,Health care,0,18.0,43.82
433,57,Woman,Bachelor's degree,Manitoba,Health care,0,35.0,61.59
434,25,Man,Bachelor's degree,Quebec,Retail,0,40.0,17.54
435,39,Man,Bachelor's degree,Ontario,Health care,0,26.0,31.52
436,24,Woman,High school,Alberta,Construction,0,12.0,17.4
437,45,Man,College diploma,British Columbia,Manufacturing,0,35.0,28.98
438,62,Woman,Bachelor's degree,British Columbia,Education,0,40.0,36.59
439,22,Man,High school,British Columbia,Health care,0,40.0,17.5
440,37,Woman,High school,British Columbia,Retail,0,35.0,21.65
441,64,Woman,High school,Quebec,Retail,0,37.5,18.12
442,33,Man,College diploma,British Columbia,Hospitality,0,35.0,19.83
443,25,Woman,College diploma,Ontario,Hospitality,0,40.0,28.07
444,41,Woman,High school,British Columbia,Education,1,40.0,35.16
445,42,Woman,Bachelor's degree,British Columbia,Hospitality,0,35.0,33.52
446,50,Woman,Graduate degree,Alberta,Finance,0,20.0,52.66
447,33,Man,High school,British Columbia,Hospitality,0,37.5,17.4
448,63,Man,Graduate degree,Ontario,Retail,1,37.5,32.91
449,43,Man,High school,Quebec,Finance,0,37.5,41.69
450,32,Woman,Graduate degree,Quebec,Construction,1,40.0,54.98
451,64,Man,Graduate degree,British Columbia,Manufacturing,0,37.5,62.71
452,62,Woman,High school,Ontario,Public administration,1,37.5,44.13
453,42,Woman,Bachelor's degree,British Columbia,Public administration,1,12.0,39.19
454,20,Woman,Graduate degree,Quebec,Technology,0,40.0,45.93
455,47,Man,Graduate degree,Saskatchewan,Retail,1,40.0,38.8
456,45,Man,Graduate degree,British Columbia,Education,1,40.0,47.54
457,25,Man,College diploma,British Columbia,Public administration,0,40.0,48.36
458,48,Man,High school,British Columbia,Public administration,1,40.0,25.72
459,58,Man,Bachelor's degree,British Columbia,Retail,0,37.5,34.66
460,23,Man,Bachelor's degree,Quebec,Manufacturing,0,40.0,40.67
461,52,Man,Bachelor's degree,Ontario,Construction,0,18.0,33.75
462,25,Woman,College diploma,Quebec,Retail,1,35.0,19.86
463,54,Woman,College diploma,British Columbia,Education,0,35.0,33.77
464,38,Woman,High school,Ontario,Construction,0,35.0,31.48
465,19,Man,Bachelor's degree,British Columbia,Manufacturing,1,17.0,20.02
466,64,Woman,High school,Manitoba,Retail,0,40.0,32.17
467,26,Man,Bachelor's degree,British Columbia,Health care,1,40.0,39.92
468,47,Woman,Bachelor's degree,British Columbia,Hospitality,0,35.0,37.38
469,27,Man,College diploma,Manitoba,Health care,0,40.0,24.98
470,62,Woman,College diploma,British Columbia,Hospitality,0,40.0,29.89
471,53,Woman,College diploma,Alberta,Public administration,1,37.5,34.68
472,56,Woman,Graduate degree,Ontario,Hospitality,0,40.0,37.52
473,39,Woman,Bachelor's degree,British Columbia,Health care,0,40.0,67.61
474,40,Man,College diploma,Quebec,Hospitality,1,35.0,27.72
475,48,Woman,High school,Saskatchewan,Retail,1,40.0,21.62
476,55,Man,High school,Ontario,Hospitality,0,24.0,28.13
477,58,Woman,College diploma,Ontario,Retail,0,35.0,23.33
478,19,Woman,Graduate degree,Ontario,Retail,0,18.0,20.99
479,50,Man,Bachelor's degree,Ontario,Health care,0,27.0,36.43
480,24,Woman,High school,Quebec,Education,1,40.0,22.47
481,32,Nonbinary,Bachelor's degree,Ontario,Retail,0,40.0,37.04
482,57,Man,College diploma,British Columbia,Health care,1,40.0,45.39
483,30,Man,Bachelor's degree,British Columbia,Health care,0,40.0,41.61
484,56,Woman,High school,Ontario,Hospitality,0,40.0,21.25
485,40,Woman,Bachelor's degree,British Columbia,Manufacturing,0,40.0,36.3
486,29,Man,Graduate degree,British Columbia,Retail,0,40.0,35.73
487,34,Woman,High school,British Columbia,Hospitality,0,17.0,20.04
488,43,Woman,Bachelor's degree,Manitoba,Health care,0,40.0,41.2
489,54,Woman,Graduate degree,British Columbia,Public administration,1,12.0,63.63
490,47,Man,High school,Ontario,Public administration,1,18.0,34.9
491,62,Man,High school,Ontario,Public administration,0,13.0,40.37
492,59,Man,Bachelor's degree,Ontario,Manufacturing,1,40.0,63.21
493,54,Man,College diploma,British Columbia,Retail,0,37.5,30.21
494,47,Woman,High school,Manitoba,Construction,1,35.0,46.46
495,32,Man,College diploma,Manitoba,Hospitality,0,35.0,27.63
496,38,Woman,Bachelor's degree,Alberta,Retail,0,37.5,23.71
497,24,Man,College diploma,Ontario,Retail,0,13.0,17.59
498,36,Woman,College diploma,British Columbia,Health care,1,35.0,29.08
499,62,Nonbinary,Bachelor's degree,Quebec,Construction,1,35.0,38.49
500,39,Woman,College diploma,British Columbia,Hospitality,0,37.5,26.32
501,24,Woman,Bachelor's degree,Ontario,Technology,0,27.0,48.68
502,49,Woman,College diploma,Ontario,Manufacturing,0,19.0,49.71
503,64,Woman,Graduate degree,British Columbia,Finance,0,37.5,69.95
504,59,Woman,Bachelor's degree,Ontario,Construction,1,22.0,42.44
505,31,Man,High school,British Columbia,Health care,0,35.0,18.76
506,40,Woman,Graduate degree,Ontario,Hospitality,1,35.0,37.58
507,43,Man,College diploma,Manitoba,Health care,1,21.0,37.92
508,30,Woman,High school,British Columbia,Hospitality,0,25.0,22.5
509,31,Man,High school,British Columbia,Hospitality,0,37.5,34.93
510,30,Woman,Bachelor's degree,Ontario,Education,1,40.0,46.35
511,65,Man,High school,British Columbia,Construction,1,40.0,42.85
512,54,Man,College diploma,Quebec,Hospitality,0,40.0,23.91
513,58,Woman,High school,Ontario,Public administration,1,35.0,34.62
514,57,Man,College diploma,Ontario,Retail,0,37.5,30.79
515,64,Woman,College diploma,British Columbia,Health care,1,40.0,33.1
516,23,Woman,College diploma,Ontario,Health care,1,13.0,31.16
517,60,Man,High school,Quebec,Construction,0,40.0,39.75
518,22,Man,High school,British Columbia,Health care,0,40.0,19.64
519,41,Woman,Bachelor's degree,British Columbia,Retail,0,40.0,44.01
520,46,Woman,College diploma,British Columbia,Technology,0,37.5,50.67
521,35,Man,Bachelor's degree,Alberta,Hospitality,0,40.0,20.28
522,25,Man,High school,Ontario,Hospitality,0,20.0,19.48
523,28,Nonbinary,High school,Alberta,Construction,0,35.0,30.27
524,57,Man,High school,Manitoba,Finance,0,35.0,55.26
525,33,Man,College diploma,British Columbia,Technology,0,40.0,39.93
526,33,Woman,College diploma,British Columbia,Public administration,0,40.0,42.67
527,62,Man,Bachelor's degree,British Columbia,Education,0,37.5,45.58
528,25,Woman,College diploma,Quebec,Education,0,37.5,20.72
529,62,Man,College diploma,Ontario,Health care,0,18.0,28.99
530,62,Woman,College diploma,Alberta,Finance,0,19.0,61.89
531,47,Man,High school,Ontario,Health care,0,26.0,46.17
532,26,Man,College diploma,British Columbia,Manufacturing,0,37.5,30.61
533,26,Man,College diploma,British Columbia,Education,1,40.0,39.23
534,32,Man,College diploma,British Columbia,Health care,0,40.0,41.61
535,46,Woman,High school,Quebec,Retail,0,40.0,32.24
536,26,Man,Bachelor's degree,Ontario,Manufacturing,1,37.5,27.11
537,40,Woman,Graduate degree,Ontario,Construction,0,14.0,73.84
538,24,Woman,High school,British Columbia,Finance,0,37.5,35.8
539,44,Woman,Bachelor's degree,British Columbia,Manufacturing,0,37.5,38.98
540,19,Woman,Bachelor's degree,Ontario,Finance,0,40.0,31.22
541,52,Woman,College diploma,Alberta,Health care,0,35.0,42.02
542,21,Man,Bachelor's degree,Quebec,Technology,0,40.0,27.58
543,28,Man,Bachelor's degree,Ontario,Retail,0,40.0,32.85
544,27,Man,Graduate degree,Alberta,Public administration,0,15.0,35.51
545,58,Woman,Graduate degree,Ontario,Health care,0,40.0,59.08
546,21,Woman,High school,Quebec,Construction,0,22.0,21.98
547,39,Woman,College diploma,Alberta,Construction,0,30.0,34.53
548,46,Man,College diploma,Ontario,Construction,0,37.5,32.99
549,43,Man,High school,Quebec,Manufacturing,0,35.0,31.95
550,50,Woman,College diploma,British Columbia,Technology,0,40.0,76.72
551,56,Man,Graduate degree,Quebec,Public administration,1,40.0,78.47
552,37,Woman,High school,British Columbia,Education,1,35.0,33.26
553,57,Woman,College diploma,Ontario,Health care,0,17.0,39.74
554,33,Woman,Bachelor's degree,Ontario,Health care,1,37.5,46.85
555,65,Woman,College diploma,Ontario,Finance,0,37.5,61.16
556,42,Man,College diploma,Saskatchewan,Finance,0,19.0,38.02
557,53,Man,Graduate degree,Ontario,Construction,0,35.0,53.9
558,60,Woman,College diploma,British Columbia,Public administration,1,28.0,28.31
559,56,Man,High school,British Columbia,Manufacturing,0,17.0,44.93
560,59,Man,High school,British Columbia,Technology,0,37.5,73.73
561,44,Man,Graduate degree,Ontario,Public administration,1,35.0,56.02
562,21,Man,High school,Alberta,Technology,0,40.0,19.63
563,42,Woman,College diploma,British Columbia,Hospitality,0,40.0,31.65
564,27,Man,High school,Quebec,Health care,0,37.5,22.66
565,60,Woman,College diploma,Alberta,Retail,0,24.0,27.06
566,30,Nonbinary,Graduate degree,Alberta,Technology,1,20.0,64.15
567,29,Woman,College diploma,Alberta,Construction,0,40.0,33.52
568,30,Man,Graduate degree,British Columbia,Education,1,40.0,37.19
569,49,Woman,High school,Ontario,Public administration,1,40.0,33.02
570,45,Woman,College diploma,Alberta,Hospitality,0,40.0,29.18
571,63,Man,Bachelor's degree,British Columbia,Manufacturing,0,24.0,40.22
572,38,Man,College diploma,Quebec,Education,0,40.0,26.7
573,32,Woman,High school,Ontario,Manufacturing,0,37.5,26.92
574,21,Man,Bachelor's degree,Ontario,Hospitality,0,18.0,24.77
575,19,Man,College diploma,Quebec,Retail,0,40.0,19.28
576,36,Woman,College diploma,Quebec,Manufacturing,1,40.0,24.6
577,62,Man,Graduate degree,British Columbia,Education,1,40.0,63.81
578,43,Woman,High school,Ontario,Health care,0,40.0,18.86
579,60,Man,College diploma,Ontario,Hospitality,0,40.0,26.73
580,23,Woman,High school,British Columbia,Health care,1,40.0,22.25
581,23,Woman,College diploma,British Columbia,Manufacturing,1,40.0,27.7
582,58,Man,High school,British Columbia,Construction,0,24.0,41.72
583,24,Man,Bachelor's degree,Ontario,Technology,0,37.5,54.49
584,21,Man,High school,Ontario,Construction,1,40.0,21.07
585,37,Nonbinary,Bachelor's degree,Ontario,Health care,1,14.0,46.78
586,62,Man,High school,British Columbia,Public administration,0,40.0,40.1
587,51,Man,College diploma,British Columbia,Health care,0,40.0,27.16
588,23,Man,College diploma,Alberta,Education,1,37.5,40.33
589,58,Woman,Bachelor's degree,Manitoba,Retail,1,37.5,26.6
590,58,Woman,College diploma,Quebec,Hospitality,0,40.0,32.45
591,56,Woman,College diploma,Quebec,Retail,0,37.5,34.25
592,61,Man,Bachelor's degree,Quebec,Technology,0,29.0,62.94
593,30,Woman,College diploma,Quebec,Finance,0,40.0,34.97
594,65,Woman,High school,Quebec,Hospitality,0,21.0,31.72
595,34,Man,Graduate degree,Alberta,Hospitality,0,20.0,24.36
596,56,Woman,College diploma,British Columbia,Construction,0,40.0,39.79
597,46,Woman,High school,British Columbia,Education,1,35.0,29.63
598,55,Man,College diploma,Alberta,Education,0,35.0,32.73
599,48,Man,High school,British Columbia,Education,1,19.0,37.31
600,49,Woman,High school,British Columbia,Finance,1,35.0,55.54
601,47,Woman,Bachelor's degree,Quebec,Construction,0,40.0,42.25
602,55,Woman,High school,British Columbia,Education,0,12.0,41.23
603,53,Man,Bachelor's degree,Quebec,Health care,1,35.0,46.76
604,25,Man,Graduate degree,Ontario,Construction,0,28.0,32.92
605,57,Woman,Bachelor's degree,Ontario,Finance,0,40.0,53.58
606,44,Man,Bachelor's degree,Ontario,Retail,0,40.0,32.53
607,34,Woman,Bachelor's degree,British Columbia,Technology,1,40.0,43.5
608,43,Woman,Graduate degree,Ontario,Technology,0,40.0,72.53
609,64,Nonbinary,College diploma,British Columbia,Public administration,1,35.0,43.89
610,59,Woman,High school,Quebec,Health care,0,35.0,25.69
611,58,Woman,College diploma,British Columbia,Construction,1,37.5,28.05
612,40,Woman,College diploma,British Columbia,Finance,0,40.0,49.12
613,55,Man,High school,Ontario,Technology,0,40.0,39.17
614,37,Man,Bachelor's degree,Ontario,Health care,1,37.5,43.94
615,51,Nonbinary,High school,Alberta,Technology,0,35.0,55.16
616,49,Woman,Graduate degree,Ontario,Construction,0,30.0,40.87
617,30,Woman,High school,British Columbia,Health care,1,17.0,21.39
618,31,Man,High school,Ontario,Finance,0,40.0,52.37
619,21,Woman,High school,British Columbia,Construction,0,40.0,26.63
620,25,Man,High school,British Columbia,Health care,1,37.5,24.25
621,39,Man,High school,British Columbia,Public administration,0,35.0,28.63
622,41,Woman,High school,British Columbia,Technology,0,37.5,38.82
623,26,Man,High school,British Columbia,Finance,0,37.5,25.49
624,38,Woman,High school,Alberta,Manufacturing,0,40.0,38.2
625,47,Woman,College diploma,British Columbia,Public administration,1,40.0,34.75
626,29,Man,College diploma,British Columbia,Hospitality,0,37.5,29.57
627,34,Man,College diploma,Manitoba,Health care,0,40.0,31.12
628,36,Man,College diploma,British Columbia,Health care,1,35.0,27.77
629,42,Man,High school,Ontario,Technology,0,37.5,39.92
630,36,Nonbinary,High school,Quebec,Finance,0,25.0,21.89
631,53,Nonbinary,High school,Alberta,Technology,0,40.0,45.49
632,34,Man,Bachelor's degree,Quebec,Education,1,30.0,36.18
633,39,Woman,Graduate degree,British Columbia,Manufacturing,0,13.0,56.91
634,36,Man,Graduate degree,British Columbia,Health care,1,40.0,31.46
635,27,Nonbinary,College diploma,Ontario,Health care,1,37.5,39.06
636,51,Woman,College diploma,Ontario,Retail,0,40.0,37.3
637,30,Woman,College diploma,Ontario,Health care,0,40.0,42.05
638,32,Woman,Bachelor's degree,British Columbia,Finance,0,40.0,46.26
639,56,Woman,Bachelor's degree,Ontario,Technology,0,35.0,74.52
640,63,Man,Bachelor's degree,Alberta,Technology,0,37.5,42.56
641,50,Woman,Graduate degree,British Columbia,Manufacturing,0,40.0,60.43
642,62,Man,College diploma,British Columbia,Health care,0,37.5,33.41
643,59,Man,Bachelor's degree,Quebec,Retail,0,40.0,25.35
644,41,Man,Bachelor's degree,British Columbia,Manufacturing,0,40.0,32.26
645,55,Woman,College diploma,Ontario,Health care,1,40.0,39.99
646,34,Woman,Graduate degree,Ontario,Construction,0,35.0,39.04
647,40,Man,High school,Ontario,Retail,0,40.0,28.61
648,44,Man,Graduate degree,Ontario,Education,1,37.5,33.12
649,64,Man,Bachelor's degree,Quebec,Health care,1,37.5,28.56
650,58,Man,High school,British Columbia,Manufacturing,0,40.0,47.43
651,41,Woman,Bachelor's degree,British Columbia,Construction,0,37.5,52.99
652,49,Man,High school,Ontario,Health care,0,40.0,28.48
653,28,Woman,Bachelor's degree,Alberta,Health care,0,40.0,35.78
654,56,Woman,Bachelor's degree,British Columbia,Health care,0,40.0,58.11
655,44,Man,Bachelor's degree,British Columbia,Health care,1,20.0,48.44
656,44,Woman,Bachelor's degree,British Columbia,Retail,0,40.0,35.9
657,55,Woman,High school,British Columbia,Finance,0,37.5,56.73
658,48,Woman,High school,British Columbia,Retail,0,40.0,23.91
659,22,Woman,College diploma,Quebec,Health care,1,35.0,27.5
660,32,Man,High school,British Columbia,Hospitality,0,40.0,22.24
661,27,Woman,College diploma,Quebec,Health care,0,37.5,28.49
662,53,Man,High school,Quebec,Construction,1,40.0,33.73
663,20,Man,College diploma,British Columbia,Finance,1,37.5,32.39
664,28,Woman,College diploma,Ontario,Manufacturing,0,37.5,29.84
665,47,Woman,Bachelor's degree,Ontario,Education,1,35.0,34.07
666,51,Man,High school,Ontario,Construction,0,16.0,43.59
667,42,Man,Graduate degree,British Columbia,Retail,1,37.5,32.33
668,59,Man,College diploma,British Columbia,Manufacturing,1,37.5,36.53
669,62,Man,College diploma,British Columbia,Health care,0,18.0,37.09
670,25,Woman,College diploma,Ontario,Health care,0,40.0,31.48
671,63,Woman,College diploma,Quebec,Public administration,1,37.5,26.27
672,47,Man,High school,Ontario,Technology,0,29.0,55.43
673,48,Woman,College diploma,Ontario,Public administration,1,35.0,35.73
674,23,Man,High school,Quebec,Construction,1,40.0,33.69
675,48,Man,College diploma,Ontario,Technology,0,35.0,45.14
676,53,Man,College diploma,British Columbia,Health care,0,40.0,39.39
677,46,Woman,College diploma,Quebec,Education,1,40.0,55.91
678,22,Woman,Bachelor's degree,Alberta,Public administration,1,40.0,31.69
679,43,Woman,High school,British Columbia,Education,1,17.0,43.05
680,62,Woman,Graduate degree,Saskatchewan,Finance,0,40.0,66.48
681,53,Man,Bachelor's degree,Quebec,Technology,0,35.0,65.07
682,25,Woman,Graduate degree,British Columbia,Retail,1,37.5,31.69
683,64,Woman,Bachelor's degree,Saskatchewan,Education,1,25.0,52.28
684,64,Woman,High school,British Columbia,Health care,1,40.0,30.85
685,26,Woman,College diploma,British Columbia,Public administration,0,21.0,25.38
686,56,Man,High school,British Columbia,Technology,0,40.0,40.75
687,38,Woman,Bachelor's degree,Ontario,Retail,0,37.5,33.46
688,46,Nonbinary,College diploma,Quebec,Retail,0,37.5,28.91
689,39,Woman,High school,British Columbia,Retail,1,37.5,30.46
690,55,Man,Graduate degree,British Columbia,Health care,1,24.0,72.56
691,65,Woman,High school,British Columbia,Retail,0,40.0,22.65
692,56,Woman,College diploma,British Columbia,Technology,0,40.0,43.66
693,62,Man,Bachelor's degree,Manitoba,Health care,0,40.0,33.53
694,63,Nonbinary,High school,Ontario,Finance,1,37.5,68.8
695,23,Man,College diploma,Ontario,Construction,0,35.0,30.14
696,30,Woman,Bachelor's degree,Alberta,Health care,0,40.0,41.22
697,52,Woman,High school,Manitoba,Retail,0,35.0,21.26
698,46,Man,College diploma,British Columbia,Finance,0,16.0,47.11
699,21,Woman,High school,British Columbia,Hospitality,0,40.0,20.22
700,23,Man,Bachelor's degree,Quebec,Retail,0,21.0,24.13
701,43,Man,High school,Ontario,Hospitality,0,35.0,32.34
702,47,Man,Graduate degree,Quebec,Technology,0,37.5,113.04
703,26,Man,Graduate degree,Quebec,Retail,0,40.0,25.84
704,27,Man,High school,Ontario,Education,1,35.0,21.0
705,25,Woman,College diploma,Quebec,Technology,0,40.0,30.8
706,45,Woman,College diploma,Alberta,Technology,0,37.5,70.04
707,19,Man,Bachelor's degree,British Columbia,Hospitality,0,37.5,27.59
708,45,Woman,College diploma,British Columbia,Retail,0,37.5,29.25
709,41,Woman,High school,British Columbia,Health care,0,40.0,34.1
710,40,Woman,High school,British Columbia,Hospitality,0,13.0,20.72
711,50,Man,Graduate degree,Alberta,Education,1,40.0,62.2
712,43,Man,College diploma,Ontario,Manufacturing,0,37.5,33.32
713,53,Man,Bachelor's degree,Ontario,Health care,0,35.0,43.68
714,54,Woman,College diploma,Ontario,Retail,0,37.5,35.87
715,62,Woman,Graduate degree,British Columbia,Health care,1,40.0,51.78
716,56,Man,High school,Ontario,Hospitality,0,27.0,25.69
717,43,Woman,High school,Alberta,Education,1,25.0,32.85
718,42,Man,Graduate degree,British Columbia,Retail,0,40.0,47.74
719,30,Man,Graduate degree,British Columbia,Public administration,1,25.0,66.39
720,47,Woman,College diploma,British Columbia,Education,1,30.0,42.01
721,25,Woman,College diploma,British Columbia,Hospitality,0,40.0,25.72
722,62,Woman,College diploma,Ontario,Retail,0,40.0,29.8
723,58,Man,College diploma,Ontario,Construction,0,37.5,34.52
724,24,Man,High school,Ontario,Hospitality,0,40.0,22.29
725,55,Woman,Graduate degree,British Columbia,Hospitality,0,40.0,41.89
726,24,Man,High school,Ontario,Finance,0,37.5,23.27
727,52,Woman,Bachelor's degree,Ontario,Education,0,40.0,40.83
728,23,Woman,High school,British Columbia,Hospitality,0,40.0,18.55
729,41,Man,High school,Ontario,Health care,1,37.5,30.23
730,49,Woman,Bachelor's degree,Saskatchewan,Construction,1,40.0,63.82
731,53,Woman,College diploma,Alberta,Public administration,1,35.0,46.98
732,38,Man,Bachelor's degree,British Columbia,Retail,0,18.0,44.28
733,62,Woman,High school,Saskatchewan,Technology,0,37.5,49.22
734,55,Man,Graduate degree,British Columbia,Technology,0,40.0,71.18
735,28,Woman,Bachelor's degree,British Columbia,Retail,0,37.5,22.92
736,50,Woman,Bachelor's degree,British Columbia,Hospitality,0,15.0,34.03
737,53,Woman,High school,Quebec,Manufacturing,1,16.0,35.06
738,34,Woman,College diploma,British Columbia,Finance,0,37.5,30.73
739,53,Woman,College diploma,Alberta,Health care,1,40.0,35.35
740,61,Woman,College diploma,British Columbia,Education,1,35.0,35.18
741,57,Man,College diploma,Quebec,Technology,0,27.0,56.2
742,54,Woman,High school,Manitoba,Finance,0,37.5,49.28
743,48,Woman,College diploma,Quebec,Health care,0,23.0,34.37
744,31,Woman,High school,British Columbia,Health care,1,12.0,32.89
745,56,Woman,College diploma,British Columbia,Technology,0,35.0,49.3
746,36,Woman,High school,Manitoba,Construction,0,35.0,17.4
747,44,Man,High school,Alberta,Finance,0,35.0,38.15
748,33,Woman,Bachelor's degree,Ontario,Retail,0,30.0,38.81
749,33,Man,College diploma,Quebec,Hospitality,0,19.0,17.4
750,26,Man,College diploma,Alberta,Technology,0,37.5,39.06
751,64,Woman,College diploma,Quebec,Manufacturing,0,37.5,53.45
752,25,Woman,Bachelor's degree,Manitoba,Hospitality,0,40.0,21.18
753,23,Woman,College diploma,British Columbia,Hospitality,0,37.5,20.68
754,62,Man,College diploma,Saskatchewan,Health care,1,25.0,29.71
755,45,Woman,Graduate degree,British Columbia,Finance,0,40.0,91.26
756,39,Man,College diploma,Ontario,Retail,0,37.5,27.99
757,53,Man,Graduate degree,British Columbia,Retail,0,40.0,43.14
758,37,Man,Bachelor's degree,British Columbia,Health care,1,21.0,55.39
759,25,Man,High school,Manitoba,Public administration,0,37.5,32.66
760,53,Nonbinary,College diploma,British Columbia,Construction,1,40.0,33.16
761,27,Woman,Bachelor's degree,British Columbia,Public administration,1,40.0,32.37
762,44,Woman,Graduate degree,Ontario,Finance,0,40.0,70.59
763,63,Woman,College diploma,British Columbia,Construction,0,40.0,34.72
764,62,Man,High school,Alberta,Technology,0,37.5,29.15
765,35,Man,College diploma,British Columbia,Education,0,40.0,32.41
766,55,Man,High school,British Columbia,Health care,0,40.0,26.36
767,47,Woman,Bachelor's degree,British Columbia,Manufacturing,0,35.0,61.85
768,41,Nonbinary,College diploma,Ontario,Technology,0,37.5,49.41
769,25,Man,Bachelor's degree,Quebec,Technology,0,20.0,35.57
770,36,Man,Bachelor's degree,British Columbia,Technology,0,40.0,44.7
771,49,Nonbinary,Bachelor's degree,Quebec,Public administration,1,37.5,31.96
772,65,Woman,Bachelor's degree,Ontario,Health care,0,40.0,35.63
773,19,Woman,Bachelor's degree,Ontario,Technology,0,37.5,47.54
774,52,Man,Bachelor's degree,Ontario,Finance,0,37.5,92.07
775,58,Woman,Bachelor's degree,Ontario,Hospitality,0,35.0,40.33
776,63,Woman,High school,Ontario,Retail,0,40.0,27.78
777,38,Woman,College diploma,Saskatchewan,Manufacturing,1,37.5,31.3
778,24,Woman,High school,Manitoba,Finance,0,26.0,25.78
779,31,Man,Bachelor's degree,British Columbia,Construction,0,37.5,59.93
780,58,Man,Bachelor's degree,British Columbia,Technology,0,28.0,57.16
781,60,Woman,College diploma,Ontario,Retail,1,40.0,49.88
782,48,Woman,High school,British Columbia,Manufacturing,0,37.5,46.6
783,24,Woman,College diploma,British Columbia,Education,0,40.0,18.49
784,24,Man,Bachelor's degree,British Columbia,Retail,0,35.0,22.5
785,41,Man,High school,British Columbia,Finance,0,13.0,35.66
786,46,Man,High school,Ontario,Hospitality,0,40.0,25.67
787,20,Woman,Graduate degree,Ontario,Finance,0,40.0,42.88
788,51,Woman,Bachelor's degree,Alberta,Hospitality,0,23.0,65.86
789,44,Woman,High school,British Columbia,Public administration,0,40.0,29.11
790,19,Man,College diploma,Alberta,Education,1,37.5,25.49
791,23,Woman,Graduate degree,Alberta,Retail,0,40.0,34.28
792,40,Man,Bachelor's degree,Ontario,Retail,0,40.0,33.47
793,52,Man,Bachelor's degree,Manitoba,Retail,0,40.0,37.18
794,57,Woman,College diploma,Saskatchewan,Health care,0,37.5,31.76
795,39,Woman,College diploma,Saskatchewan,Technology,0,40.0,47.63
796,32,Woman,High school,Quebec,Manufacturing,0,40.0,32.41
797,64,Woman,Bachelor's degree,Ontario,Health care,0,37.5,49.01
798,40,Woman,High school,Saskatchewan,Health care,0,18.0,37.95
799,33,Man,High school,Alberta,Health care,0,40.0,41.77
800,39,Woman,Bachelor's degree,British Columbia,Education,0,37.5,49.21
801,19,Woman,Graduate degree,Quebec,Health care,0,40.0,35.29
802,33,Man,Bachelor's degree,British Columbia,Technology,0,35.0,38.61
803,43,Man,College diploma,British Columbia,Public administration,1,40.0,35.08
804,62,Woman,College diploma,Quebec,Manufacturing,0,35.0,36.24
805,53,Man,College diploma,Ontario,Retail,1,40.0,33.1
806,55,Man,College diploma,British Columbia,Retail,0,40.0,28.28
807,44,Man,College diploma,British Columbia,Health care,1,35.0,30.94
808,24,Man,College diploma,British Columbia,Manufacturing,0,40.0,21.09
809,37,Woman,College diploma,Ontario,Public administration,1,40.0,26.13
810,65,Man,Graduate degree,British Columbia,Education,1,37.5,48.1
811,21,Woman,Graduate degree,Quebec,Health care,0,37.5,26.35
812,60,Man,High school,Quebec,Technology,0,40.0,37.49
813,51,Man,College diploma,Manitoba,Construction,1,30.0,36.66
814,32,Woman,High school,Ontario,Technology,0,37.5,28.85
815,55,Woman,College diploma,British Columbia,Retail,0,40.0,34.15
816,58,Man,College diploma,British Columbia,Education,1,37.5,44.71
817,21,Man,High school,Ontario,Public administration,1,35.0,22.96
818,24,Woman,Bachelor's degree,British Columbia,Technology,0,40.0,38.63
819,50,Man,College diploma,British Columbia,Finance,0,35.0,54.2
820,65,Man,Graduate degree,British Columbia,Manufacturing,0,37.5,43.72
821,20,Man,High school,British Columbia,Finance,0,40.0,24.52
822,50,Woman,High school,Alberta,Health care,0,37.5,46.89
823,25,Woman,College diploma,Ontario,Education,0,37.5,33.62
824,49,Man,High school,Ontario,Retail,0,40.0,32.21
825,48,Woman,High school,Ontario,Hospitality,0,40.0,32.41
826,23,Man,Graduate degree,Ontario,Health care,1,40.0,24.63
827,50,Woman,High school,Alberta,Retail,0,40.0,38.18
828,61,Man,High school,Ontario,Technology,0,37.5,50.8
829,59,Woman,College diploma,Saskatchewan,Finance,0,37.5,60.85
830,20,Woman,College diploma,British Columbia,Public administration,1,40.0,30.17
831,30,Man,College diploma,Quebec,Retail,0,35.0,25.38
832,30,Man,College diploma,British Columbia,Public administration,0,37.5,31.91
833,40,Man,Bachelor's degree,British Columbia,Retail,0,40.0,36.3
834,25,Man,High school,British Columbia,Health care,1,40.0,24.83
835,59,Man,College diploma,Alberta,Finance,0,40.0,58.97
836,55,Man,Bachelor's degree,Alberta,Retail,0,35.0,25.75
837,56,Woman,Bachelor's degree,Saskatchewan,Retail,0,35.0,32.42
838,28,Man,College diploma,Quebec,Retail,0,19.0,38.02
839,19,Man,College diploma,British Columbia,Health care,1,40.0,22.2
840,61,Woman,High school,Saskatchewan,Technology,0,37.5,44.21
841,32,Woman,High school,Alberta,Retail,1,35.0,19.53
842,49,Man,High school,Ontario,Retail,0,35.0,30.38
843,61,Woman,Bachelor's degree,British Columbia,Health care,1,40.0,39.24
844,20,Man,College diploma,British Columbia,Hospitality,0,40.0,18.56
845,19,Nonbinary,Bachelor's degree,Saskatchewan,Technology,0,35.0,45.82
846,19,Man,High school,Ontario,Public administration,0,25.0,21.21
847,26,Woman,Bachelor's degree,Ontario,Technology,1,37.5,52.66
848,21,Woman,Bachelor's degree,Manitoba,Finance,0,35.0,45.41
849,57,Woman,High school,Ontario,Health care,1,40.0,46.07
850,47,Woman,High school,Alberta,Finance,0,35.0,44.71
851,65,Man,High school,British Columbia,Hospitality,0,40.0,53.95
852,56,Man,Bachelor's degree,British Columbia,Retail,0,40.0,46.06
853,64,Woman,High school,British Columbia,Education,1,40.0,36.65
854,30,Woman,College diploma,British Columbia,Retail,0,40.0,20.71
855,32,Man,College diploma,Saskatchewan,Finance,0,37.5,39.43
856,58,Woman,Bachelor's degree,Alberta,Education,0,35.0,60.41
857,30,Man,College diploma,Manitoba,Public administration,0,37.5,49.37
858,21,Woman,College diploma,Saskatchewan,Construction,1,40.0,37.34
859,50,Man,Graduate degree,Ontario,Health care,0,12.0,63.9
860,56,Woman,High school,Ontario,Technology,0,37.5,35.58
861,64,Man,Bachelor's degree,British Columbia,Construction,1,37.5,51.28
862,62,Woman,High school,Alberta,Health care,0,17.0,27.53
863,24,Man,College diploma,Manitoba,Education,0,40.0,19.55
864,55,Woman,Graduate degree,Ontario,Public administration,1,40.0,60.94
865,58,Woman,Bachelor's degree,British Columbia,Technology,0,14.0,66.85
866,51,Man,Bachelor's degree,British Columbia,Retail,0,40.0,44.13
867,57,Woman,High school,Ontario,Health care,0,35.0,40.75
868,58,Woman,College diploma,Ontario,Health care,1,29.0,44.89
869,39,Woman,College diploma,British Columbia,Hospitality,0,37.5,21.62
870,20,Woman,College diploma,Alberta,Health care,1,40.0,25.5
871,40,Woman,College diploma,Quebec,Construction,1,40.0,26.56
872,28,Man,College diploma,British Columbia,Retail,0,15.0,17.4
873,24,Woman,College diploma,Quebec,Health care,1,40.0,33.55
874,24,Man,High school,British Columbia,Hospitality,0,37.5,17.4
875,51,Nonbinary,College diploma,Saskatchewan,Education,1,20.0,45.62
876,42,Woman,High school,Alberta,Hospitality,0,40.0,32.29
877,44,Man,Bachelor's degree,British Columbia,Technology,0,24.0,49.49
878,54,Man,Bachelor's degree,Quebec,Hospitality,0,40.0,39.09
879,44,Man,High school,Alberta,Finance,0,40.0,36.69
880,48,Woman,Bachelor's degree,Quebec,Retail,0,35.0,23.78
881,23,Woman,Bachelor's degree,British Columbia,Health care,1,40.0,33.32
882,59,Woman,High school,Quebec,Construction,0,40.0,33.2
883,40,Man,High school,Quebec,Hospitality,0,40.0,22.51
884,26,Nonbinary,High school,Manitoba,Health care,1,37.5,41.89
885,57,Man,High school,British Columbia,Finance,0,21.0,31.89
886,53,Woman,Bachelor's degree,Ontario,Public administration,1,35.0,53.43
887,21,Man,Graduate degree,Manitoba,Construction,0,37.5,29.55
888,28,Woman,High school,Quebec,Hospitality,0,40.0,25.48
889,19,Man,Bachelor's degree,Alberta,Technology,0,40.0,40.6
890,31,Woman,High school,British Columbia,Health care,1,26.0,32.25
891,23,Man,College diploma,British Columbia,Hospitality,0,40.0,17.4
892,52,Man,Bachelor's degree,Ontario,Technology,0,35.0,50.06
893,43,Woman,College diploma,Quebec,Health care,0,40.0,46.23
894,65,Woman,High school,British Columbia,Education,0,37.5,50.12
895,54,Man,College diploma,Ontario,Manufacturing,0,40.0,42.59
896,47,Woman,Graduate degree,Quebec,Health care,0,37.5,43.46
897,42,Man,High school,British Columbia,Hospitality,1,40.0,27.26
898,21,Man,High school,British Columbia,Technology,0,40.0,53.45
899,22,Man,High school,Ontario,Hospitality,0,27.0,18.91
900,47,Woman,College diploma,Ontario,Technology,0,12.0,68.77
901,19,Woman,College diploma,British Columbia,Technology,0,25.0,27.8
902,20,Woman,Bachelor's degree,Ontario,Technology,0,37.5,38.57
903,29,Man,Bachelor's degree,Saskatchewan,Retail,0,35.0,32.86
904,60,Woman,Graduate degree,Quebec,Construction,0,15.0,59.83
905,40,Woman,Bachelor's degree,Quebec,Health care,0,37.5,35.96
906,52,Woman,High school,Ontario,Education,1,40.0,28.89
907,38,Man,College diploma,Saskatchewan,Public administration,1,12.0,47.27
908,27,Woman,College diploma,British Columbia,Manufacturing,0,35.0,37.78
909,36,Man,College diploma,Saskatchewan,Finance,0,40.0,59.52
910,23,Man,Graduate degree,British Columbia,Hospitality,0,37.5,41.92
911,55,Man,Bachelor's degree,Ontario,Manufacturing,1,37.5,45.92
912,27,Nonbinary,Graduate degree,British Columbia,Retail,1,37.5,30.3
913,36,Man,College diploma,Saskatchewan,Technology,0,37.5,60.39
914,65,Man,College diploma,British Columbia,Hospitality,0,40.0,33.85
915,46,Woman,College diploma,British Columbia,Construction,1,35.0,31.39
916,40,Man,High school,British Columbia,Technology,0,37.5,34.24
917,44,Man,High school,Ontario,Health care,1,40.0,38.72
918,55,Man,College diploma,Ontario,Retail,0,40.0,30.21
919,30,Man,High school,British Columbia,Retail,0,40.0,22.82
920,48,Nonbinary,Graduate degree,Quebec,Health care,0,23.0,67.42
921,60,Man,High school,Quebec,Construction,1,40.0,43.43
922,45,Woman,High school,Alberta,Hospitality,0,37.5,34.75
923,39,Woman,Bachelor's degree,Ontario,Education,1,37.5,26.18
924,25,Woman,High school,Alberta,Hospitality,0,40.0,20.83
925,30,Woman,Graduate degree,British Columbia,Education,1,40.0,48.24
926,63,Woman,Bachelor's degree,Saskatchewan,Manufacturing,0,40.0,31.46
927,44,Woman,High school,British Columbia,Hospitality,0,40.0,22.29
928,33,Woman,Bachelor's degree,Quebec,Retail,0,35.0,25.44
929,38,Man,Bachelor's degree,Quebec,Hospitality,0,40.0,30.98
930,46,Woman,Bachelor's degree,Ontario,Retail,0,40.0,50.45
931,44,Man,Bachelor's degree,Manitoba,Construction,0,37.5,69.62
932,51,Man,Bachelor's degree,Manitoba,Finance,0,37.5,46.96
933,31,Woman,College diploma,Quebec,Finance,1,35.0,44.51
934,49,Woman,College diploma,British Columbia,Manufacturing,0,40.0,42.65
935,39,Woman,Bachelor's degree,British Columbia,Health care,1,35.0,45.85
936,63,Nonbinary,Graduate degree,Manitoba,Health care,1,37.5,58.69
937,26,Woman,College diploma,British Columbia,Finance,0,40.0,38.75
938,25,Man,Bachelor's degree,British Columbia,Hospitality,0,40.0,36.3
939,40,Man,College diploma,British Columbia,Construction,0,35.0,47.16
940,42,Nonbinary,Bachelor's degree,Ontario,Construction,1,40.0,34.73
941,51,Woman,Graduate degree,British Columbia,Retail,0,40.0,50.57
942,37,Woman,High school,British Columbia,Construction,0,40.0,39.75
943,61,Woman,High school,British Columbia,Finance,0,35.0,47.51
944,41,Woman,College diploma,Alberta,Public administration,1,35.0,50.4
945,25,Woman,College diploma,Quebec,Retail,0,40.0,23.85
946,24,Man,College diploma,British Columbia,Health care,1,35.0,29.79
947,64,Man,High school,Ontario,Manufacturing,0,40.0,35.4
948,25,Man,College diploma,Ontario,Health care,1,35.0,18.66
949,63,Man,College diploma,British Columbia,Health care,1,19.0,38.74
950,32,Woman,College diploma,Ontario,Retail,1,26.0,22.4
951,23,Man,Bachelor's degree,Ontario,Finance,1,40.0,30.51
952,33,Man,Bachelor's degree,Manitoba,Public administration,0,40.0,56.65
953,47,Man,Bachelor's degree,British Columbia,Education,0,40.0,47.95
954,39,Man,Bachelor's degree,British Columbia,Education,0,37.5,39.79
955,55,Woman,Bachelor's degree,Quebec,Health care,0,37.5,40.98
956,47,Woman,College diploma,Ontario,Construction,0,40.0,41.86
957,37,Woman,Bachelor's degree,Quebec,Hospitality,0,40.0,37.88
958,48,Woman,High school,Quebec,Health care,0,40.0,29.76
959,64,Man,High school,British Columbia,Retail,0,40.0,28.19
960,38,Woman,College diploma,Ontario,Finance,0,37.5,52.96
961,26,Man,Bachelor's degree,Alberta,Manufacturing,0,40.0,21.64
962,38,Man,Bachelor's degree,Ontario,Manufacturing,0,40.0,39.48
963,58,Woman,High school,British Columbia,Construction,1,14.0,33.55
964,29,Woman,College diploma,British Columbia,Public administration,1,40.0,32.35
965,63,Man,High school,Ontario,Hospitality,0,40.0,23.91
966,46,Man,Bachelor's degree,Ontario,Hospitality,0,40.0,34.23
967,47,Woman,Bachelor's degree,Ontario,Hospitality,0,35.0,51.03
968,33,Woman,College diploma,British Columbia,Education,1,22.0,29.67
969,62,Man,College diploma,British Columbia,Public administration,1,35.0,44.82
970,20,Woman,College diploma,Quebec,Hospitality,0,13.0,29.98
971,33,Man,College diploma,Alberta,Finance,0,35.0,36.25
972,38,Woman,Bachelor's degree,Alberta,Construction,0,37.5,62.66
973,41,Woman,Bachelor's degree,Manitoba,Education,0,37.5,40.95
974,41,Man,College diploma,Alberta,Retail,0,40.0,43.09
975,25,Man,College diploma,Manitoba,Health care,0,40.0,34.31
976,29,Man,High school,Alberta,Education,1,40.0,29.18
977,23,Woman,High school,Ontario,Health care,0,37.5,25.14
978,45,Nonbinary,High school,Quebec,Hospitality,1,35.0,22.61
979,35,Woman,College diploma,Quebec,Finance,1,40.0,42.81
980,45,Woman,Graduate degree,Manitoba,Public administration,0,30.0,67.57
981,46,Woman,College diploma,Alberta,Health care,1,40.0,38.47
982,51,Woman,High school,Ontario,Education,1,19.0,32.1
983,44,Man,High school,Ontario,Technology,0,40.0,42.22
984,49,Woman,College diploma,Manitoba,Construction,1,40.0,49.32
985,46,Man,Bachelor's degree,Ontario,Finance,0,40.0,71.69
986,49,Woman,College diploma,Ontario,Construction,0,12.0,34.24
987,47,Nonbinary,Bachelor's degree,Ontario,Technology,0,12.0,50.0
988,33,Woman,Bachelor's degree,Ontario,Retail,0,37.5,33.27
989,30,Man,High school,British Columbia,Construction,0,21.0,41.24
990,56,Woman,Bachelor's degree,Saskatchewan,Health care,0,37.5,59.75
991,35,Woman,Graduate degree,Manitoba,Health care,0,40.0,35.68
992,44,Man,College diploma,British Columbia,Finance,0,40.0,43.81
993,28,Man,High school,Quebec,Public administration,0,37.5,24.37
994,39,Man,Graduate degree,Ontario,Retail,0,40.0,36.64
995,43,Woman,Graduate degree,British Columbia,Construction,0,35.0,73.9
996,48,Man,College diploma,Ontario,Manufacturing,0,37.5,27.44
997,43,Man,College diploma,Ontario,Health care,0,23.0,26.41
998,35,Man,High school,Ontario,Health care,0,37.5,26.25
999,64,Woman,Bachelor's degree,Alberta,Finance,0,37.5,59.34
1000,43,Man,College diploma,Quebec,Technology,0,37.5,55.5
