sentence,true_label,pred_label,confidence
The situation of coated magazine printing paper will continue to be weak .,NEGATIVE,NEGATIVE,0.801002025604248
"Alma Media 's operating profit amounted to EUR 11.9 mn , down from EUR 15.0 mn a year earlier .",NEGATIVE,NEUTRAL,0.7930371165275574
Reported operating margin was a negative 5.9 % .,NEGATIVE,NEGATIVE,0.6237303018569946
Sales by Seppala diminished by 6 per cent .,NEGATIVE,NEGATIVE,0.6558345556259155
"HELSINKI Thomson Financial - Shares in Cargotec fell sharply in early afternoon trade after the cargo handling group posted a surprise drop in April-June profits , which overshadowed the large number of new orders received during the three months .",NEGATIVE,NEGATIVE,0.7259265780448914
Operating loss amounted to EUR 0.9 mn in the first half of 2006 compared to a profit of EUR 0.5 mn in the first half of 2005 .,NEGATIVE,NEUTRAL,0.7016800045967102
"In Finland , snow storms brought trees down on power lines , cutting off electricity for some 2,000 households .",NEGATIVE,NEGATIVE,0.778985857963562
Finnair said that the cancellation of flights would cause daily losses of  x20ac 2.5 million US$ 3 million .,NEGATIVE,NEGATIVE,0.6514216065406799
"JP Morgan expects that Scala will lower Nobel Biocare 's growth forecast for 2007 from the current guidance of 23-25 pct , as well as the operating margin target from the current 34-35 pct .",NEGATIVE,NEUTRAL,0.6447830200195312
Nokia Siemens Networks has struggled to make a profit in the past two years .,NEGATIVE,NEGATIVE,0.8251913189888
"Loss after financial items totalled EUR 9.7 mn , compared to a profit of EUR 1.3 mn in the corresponding period in 2008 .",NEGATIVE,NEGATIVE,0.5931563377380371
"Cerberus Capital Management LP-backed printing paper maker NewPage Corp. has posted mixed second-quarter results , casting a cloud over its planned initial public offering .",NEGATIVE,NEGATIVE,0.5768705606460571
"Revenue was slightly down , at  x20ac 495 million $ 634 million , compared to  x20ac 497 million a year earlier .",NEGATIVE,NEGATIVE,0.5866565704345703
"The fair value change of investment properties was EUR 15.8 mn , compared to EUR 22.9 mn in the third quarter of 2009 .",NEGATIVE,NEUTRAL,0.8786503672599792
The company confirmed its estimate for lower revenue for the whole 2009 than the year-ago EUR93 .9 m as given in the interim report on 5 August 2009 .,NEGATIVE,NEUTRAL,0.49583160877227783
"Operating profits in the half were  0.8 m , down from  0.9 m as Glisten invested in the brand and the management team .",NEGATIVE,NEUTRAL,0.8533821105957031
"Finnish IT solutions provider Affecto Oyj HEL : AFE1V said today its slipped to a net loss of EUR 115,000 USD 152,000 in the second quarter of 2010 from a profit of EUR 845,000 in the corresponding period a year earlier .",NEGATIVE,NEUTRAL,0.6072952151298523
"Budapest , August 10 MTI - Finnish electronics maker Elcoteq will lay off 700 workers at its plants in Pecs S Hungary at the end of September because of falling orders , communications director for Elcoteq 's local unit , Zoltan Krippl told MTI on Monday .",NEGATIVE,NEUTRAL,0.544283390045166
"The EU Commission said earlier it had fined ThyssenKrupp , United Technologies Corp 's Otis , Schindler AG and Kone Oyj a total of 992.3 mln eur for alleged cartel activity in the lift market going back twelve years .",NEGATIVE,NEUTRAL,0.5649382472038269
"It generated an operating loss of EUR 96.3 mn , down from a profit of EUR 43.9 mn .",NEGATIVE,NEGATIVE,0.5815658569335938
Kone shares dropped 4.1 percent to  x20ac 43 US$ 55.77 in Helsinki .,NEGATIVE,NEGATIVE,0.644036591053009
"At 10.33 am , Huhtamaki was the market 's biggest faller , 8.69 pct lower at 11.35 eur , while the OMX Helsinki 25 was 0.32 pct higher at 3,332.41 , and the OMX Helsinki was up 0.47 pct at 11,687.32 .",NEGATIVE,NEUTRAL,0.7727473378181458
"In January-November 2009 , the group 's sales totalled EUR 7,801.7 mn , which was a drop of 12.6 % from the same period of 2008 .",NEGATIVE,NEUTRAL,0.7433371543884277
"Pretax loss totaled EUR 1.2 mn , down from a profit of EUR 2.1 mn in 2004 .",NEGATIVE,NEGATIVE,0.5056500434875488
"Finnish shipping company Finnlines ' pretax loss totalled EUR 6.5 mn in the third quarter of 2009 , compared to a profit of EUR 0.3 mn in the third quarter of 2008 .",NEGATIVE,NEUTRAL,0.5245340466499329
Nokia s U.S. shares were 3.3 percent lower at $ 12.73 by 1750 GMT .,NEGATIVE,NEUTRAL,0.8181217312812805
"In Finland , the city of Forssa has said it will not pay compensation to food industry companies HK Ruokatalo and Atria for the lye leak into tap water that occurred in March 2008 .",NEGATIVE,NEGATIVE,0.6498153805732727
"( ADP News ) - Jan 22 , 2009 - Finnish mobile phones maker Nokia Oyj ( OMX : NOK1V ) said today its operating profit decreased to EUR 5 billion ( USD 6.5 bn ) for 2008 from EUR 8 billion for 2007 .",NEGATIVE,NEUTRAL,0.7114863991737366
"Cargo traffic fell 1 % year-on-year to 8,561 tonnes in September 2009 .",NEGATIVE,NEUTRAL,0.5775076150894165
"Operating loss totalled EUR 4.0 mn , compared to a profit of EUR 8.6 mn in the second quarter of 2008 .",NEGATIVE,NEUTRAL,0.6168933510780334
The fair value of the company 's investment properties went down to EUR2 .769 bn at the end of September 2009 from EUR2 .878 bn a year earlier .,NEGATIVE,NEUTRAL,0.6322817206382751
"So far Norwegian Norske Skog has reduced the staff levels by 1,000 people and plans to reduce production by 200,000 tons in 2008 , while Finnish-Swedish Stora Enso is to cut staff by 1,700 people and production by 500,000 tons .",NEGATIVE,NEGATIVE,0.5554419159889221
"The airline estimated that the cancellation of its flights due to the closure of European airspace , and the process of recommencing traffic , have caused a the company a loss of EUR20m , including the costs of stranded passengers ' accommodation .",NEGATIVE,NEGATIVE,0.7687163352966309
Return on capital employed ROCE was a negative 2.3 % compared to 11.3 % in 2007 .,NEGATIVE,NEGATIVE,0.5257534980773926
Export declined by 6 percent to 16.4 million liters .,NEGATIVE,NEGATIVE,0.7640928626060486
Vaisala 's net profit for the third quarter of 2007 dropped to 3.0 mln euro ( $ 4.3 mln ) from 6.8 mln euro ( $ 9.8 mln ) for the same period of 2006 .,NEGATIVE,NEUTRAL,0.5541053414344788
"Making matters more difficult , the company said it has been grappling with higher oil and gas prices , which have pushed up the cost of energy , raw materials and transportation .",NEGATIVE,NEGATIVE,0.7573877573013306
"ADP News - Feb 13 , 2009 - Finnish retailer Kesko Oyj HEL : KESBV said today its total sales , excluding value added tax VAT , stood at EUR 661.3 million USD 853.1 m in January 2009 , down 15.2 % year-on-yea",NEGATIVE,NEUTRAL,0.8110035061836243
"On top of that , the US Commerce Department published worse-than-expected construction spending figures for November .",NEGATIVE,NEGATIVE,0.9073833227157593
"Finnish Exel Composites , a technology company that designs , manufactures , and markets composite profiles and tubes for various industrial applications , reports its net sales decreased by 0.6 % in the second quarter of 2010 to EUR 19.2 mn from EUR 19.3 mn in the corresponding period in 2009 .",NEGATIVE,NEUTRAL,0.7231684923171997
Operating loss totaled EUR 0.3 mn compared to a profit of EUR 2.2 mn in the corresponding period in 2007 .,NEGATIVE,NEUTRAL,0.6566711664199829
"Operating loss totaled EUR 0.8 mn , compared to a profit of EUR 0.5 mn .",NEGATIVE,NEUTRAL,0.604588508605957
"Operating result for the 12-month period decreased from the profit of EUR0 .4 m while turnover decreased from EUR5 .6 m , as compared to 2004 .",NEGATIVE,NEGATIVE,0.5911508798599243
"Several large stocks tacked lower , however .",NEGATIVE,NEUTRAL,0.7575547695159912
The real estate company posted a net loss of +ó  x201a -¼ 59.3 million +ó  x201a -¼ 0.21 per share compared with a net profit of +ó  x201a -¼ 31 million +ó  x201a -¼ 0.11 per share for the corresponding quarter of 2007 .,NEGATIVE,NEGATIVE,0.4965457320213318
The total capital of funds managed by the bank decreased by 28 % to EUR 284mn by the end of September 2008 .,NEGATIVE,NEUTRAL,0.5205790400505066
"All the ferries had run into trouble just outside the Stockholm archipelago , made up of more than 20,000 islands .",NEGATIVE,NEGATIVE,0.7236818671226501
"( ADP News ) - Feb 11 , 2009 - Finnish wood products technology supplier Raute Oyj ( HEL : RUTAV ) said today its net profit decreased to EUR 4.7 million ( USD 6.1 m ) for 2008 from EUR 6.6 million for 2007 .",NEGATIVE,NEUTRAL,0.7046060562133789
"Profit for the period was EUR 10.9 mn , down from EUR 14.3 mn in 2009 .",NEGATIVE,NEUTRAL,0.8308908343315125
"Profit before taxes decreased by 9 % to EUR 187.8 mn in the first nine months of 2008 , compared to EUR 207.1 mn a year earlier .",NEGATIVE,NEUTRAL,0.7603142261505127
"Operating loss totalled EUR 3.2 mn , compared to a profit of EUR 7.2 mn in the third quarter of 2008 .",NEGATIVE,NEUTRAL,0.6512269973754883
"Pretax profit totaled EUR 9.0 mn , down from EUR 36.3 mn in 2007 .",NEGATIVE,NEUTRAL,0.7653206586837769
"Jan. 6 -- Ford is struggling in the face of slowing truck and SUV sales and a surfeit of up-to-date , gotta-have cars .",NEGATIVE,NEGATIVE,0.6897416114807129
11 August 2010 - Finnish measuring equipment maker Vaisala Oyj HEL : VAIAS said today that its net loss widened to EUR4 .8 m in the first half of 2010 from EUR2 .3 m in the corresponding period a year earlier .,NEGATIVE,NEUTRAL,0.7671335935592651
"Due to the rapid decrease in net sales , personnel reductions have been carried out on a wider scale than initially expected .",NEGATIVE,NEGATIVE,0.4910018742084503
Diluted earnings per share ( EPS ) declined to EUR 0.78 from EUR 1.76 .,NEGATIVE,NEGATIVE,0.5334866642951965
down to EUR5 .9 m H1 '09 3 August 2009 - Finnish media group Ilkka-Yhtyma Oyj ( HEL : ILK2S ) said today its net profit fell 45 % on the year to EUR5 .9 m in the first half of 2009 .,NEGATIVE,NEUTRAL,0.5907732248306274
Device volume in the area decreased by 21 % to 2.7 mn units .,NEGATIVE,NEUTRAL,0.581674337387085
"Operating loss totalled EUR 12.7 mn , compared to a profit of EUR 17.7 mn in the first half of 2008 .",NEGATIVE,NEUTRAL,0.6184139251708984
Pretax loss totaled EUR 117mn compared to a loss of EUR 65mn in the corresponding period .,NEGATIVE,NEUTRAL,0.6532877683639526
"Operating profit decreased to nearly EUR 1.7 mn , however .",NEGATIVE,NEUTRAL,0.7595815062522888
"Operating profit margin was 8.3 % , compared to 11.8 % a year earlier .",NEGATIVE,NEUTRAL,0.7488377094268799
"`` However , the rapidly increasing costs and the strengthening of the euro were challenging for the whole industry , and they impacted on our results . ''",NEGATIVE,NEGATIVE,0.5966972708702087
"- Demand for fireplace products was lower than expected , especially in Germany .",NEGATIVE,NEGATIVE,0.6109985709190369
"Operating profit excluding non-recurring items amounted to EUR 40.6 mn , down from EUR 57.3 mn year-on-year .",NEGATIVE,NEUTRAL,0.8037683367729187
"Operating profit was EUR -0.1 mn , down from EUR 1.3 mn .",NEGATIVE,NEUTRAL,0.8069233894348145
"Finnish plumbing and heating systems supplier Uponor 's net sales in continuing business operations decreased to EUR 249.1 mn in July-September 2008 , compared to EUR 262.1 mn in the third quarter of 2007 .",NEGATIVE,NEGATIVE,0.52772456407547
Finland-based Stockmann Group has closed seven franchising sports stores Nike in Russia .,NEGATIVE,NEUTRAL,0.8340715765953064
Operating profit excluding non-recurring items was EUR 7.8 million compared to EUR 11.2 million .,NEGATIVE,NEUTRAL,0.8468816876411438
Talentum 's net sales in September were smaller than expected .,NEGATIVE,NEUTRAL,0.5592507719993591
"Last year , UPM cut production , closed mills in Finland and slashed 700 jobs .",NEGATIVE,NEGATIVE,0.849003791809082
"Operating profit totalled EUR 1.22 mn , down from EUR 3.56 mn in the first quarter of 2008 .",NEGATIVE,NEUTRAL,0.821962296962738
"( ADP News ) - Feb 4 , 2009 - Finnish broadband data communication systems and solutions company Teleste Oyj ( HEL : TLT1V ) said today its net profit decreased to EUR 5.5 million ( USD 7.2 m ) for 2008 from EUR 9.4 million for 200",NEGATIVE,NEUTRAL,0.7085932493209839
"Cash flow after investments amounted to EUR45m , down from EUR46m .",NEGATIVE,NEUTRAL,0.8262068629264832
Salonen added that data shows producers ' pulp inventories in North America are declining . ',NEGATIVE,NEUTRAL,0.5758100152015686
"Konecranes Oyj KCR1V FH fell 5.5 percent to 20.51 euros , the biggest fall since June .",NEGATIVE,NEGATIVE,0.5725945234298706
Finnair 's total traffic decreased by 8.7 % in terms of revenue passenger kilometres .,NEGATIVE,NEUTRAL,0.49106234312057495
Finnish forest machinery manufacturer Ponsse has issued a profit warning .,NEGATIVE,NEUTRAL,0.893622636795044
"The OMX Helsinki index was 0.33 pct lower at 9,364.80 , while the OMX Helsinki CAP portfolio index was down 0.34 pct at 5,029.25 .",NEGATIVE,NEGATIVE,0.5253652334213257
Repeats sees 2008 operating profit down y-y ( Reporting by Helsinki Newsroom ) Keywords : TECNOMEN-RESULTS,NEGATIVE,NEUTRAL,0.6943513751029968
"Acando AB ( ACANB SS ) fell 8.9 percent to 13.35 kronor , the lowest close since Dec. 11 .",NEGATIVE,NEUTRAL,0.6123207211494446
"In the Baltic states the company reports net sales of EUR 11.9 mn , down from EUR 14.2 mn , and an operative EBIT of EUR -2.2 mn , down from EUR -1.7 mn .",NEGATIVE,NEUTRAL,0.7669208645820618
Cash Flow from Operations for the most recent quarter also reached a eight year low .,NEGATIVE,NEUTRAL,0.6243872046470642
"Profit before taxes was EUR 4.0 mn , down from EUR 4.9 mn .",NEGATIVE,NEUTRAL,0.8003596663475037
Finnish forest industry group Stora Enso Oyj issued on Thursday ( 20 March ) a profit warning for the first quarter 2008 .,NEGATIVE,NEUTRAL,0.9018175005912781
"In a media advisory , the NTSB said that after subsequent testing , `` the train detection system intermittently failed . ''",NEGATIVE,NEGATIVE,0.7168890833854675
"Furthermore , sales of new passenger cars and light commercial vehicles in the country declined by 5.4 % year-on-year last month .",NEGATIVE,NEGATIVE,0.6257078051567078
"Pretax loss totalled EUR 49.9 mn , compared to a loss of EUR 15.4 mn in the corresponding period in 2008 .",NEGATIVE,NEUTRAL,0.6767836213111877
Finnish media company Talentum Oyj 's net profit decreased to 2.5 mln euro ( $ 4.0 mln ) for the first quarter of 2008 from 3.0 mln euro ( $ 4.7 mln ) for the same period of 2007 .,NEGATIVE,NEUTRAL,0.5076759457588196
"The company 's profit totaled Ls 578,100 in H1 2007 , down 30.9 % year-on-year .",NEGATIVE,NEGATIVE,0.5543745756149292
"Finnish electronics contract manufacturer Scanfil had net sales of EUR 52.2 mn in the first quarter of 2007 , down from EUR 60.1 mn a year before .",NEGATIVE,NEUTRAL,0.7530226707458496
Earnings per share ( EPS ) dropped to EUR 0.21 from EUR 0.31 .,NEGATIVE,NEUTRAL,0.5119064450263977
"In Finland , the Bank of +àland reports its operating profit fell to EUR 6.1 mn in the second quarter of 2008 from EUR 7.5 mn in the second quarter of 2007 .",NEGATIVE,NEUTRAL,0.5992110371589661
"Based on the first quarter result , existing order backlog and new order prospects , the company expects that full-year sales will contract by 25 % from 2008 , the gross margin will stay at a healthy level , and the operating profit margin will be lower than in 2008 due to lower sales volume .",NEGATIVE,NEUTRAL,0.7376264333724976
Ruukki Group calculates that it has lost EUR 4mn in the failed project .,NEGATIVE,NEGATIVE,0.8681694269180298
"Result before taxes decreased to nearly EUR 14.5 mn , compared to nearly EUR 20mn in the previous accounting period .",NEGATIVE,NEUTRAL,0.7977808117866516
"In the third quarter of fiscal 2008 Efore swung to a net loss of EUR 400,000 versus a net profit of EUR 200,000 for the corresponding period of fiscal 2007 .",NEGATIVE,NEUTRAL,0.6520748734474182
"Earnings per share ( EPS ) amounted to EUR1 .37 , down from EUR2 .30 .",NEGATIVE,NEUTRAL,0.7577700614929199
"Qualcomm estimated a first-quarter profit between 46 and 50 cents a share , excluding certain items , below the analyst estimate of 61 cents a share .",NEGATIVE,NEUTRAL,0.8236340880393982
"Operating profit totaled EUR 9.4 mn , down from EUR 11.7 mn in 2004 .",NEGATIVE,NEUTRAL,0.8077709078788757
"Finnish plumbing and heating systems supplier Uponor 's net sales from continuing operations decreased by 9.4 % in 2008 to EUR 949.2 mn from EUR 1,047.4 mn in 2007 .",NEGATIVE,NEGATIVE,0.6305580139160156
Profit before taxes decreased to EUR 31.6 mn from EUR 50.0 mn the year before .,NEGATIVE,NEUTRAL,0.8346265554428101
"Finnish Suominen Corporation that makes wipes , nonwovens , and flexible packaging , expects changes in the market situation to reduce sales of Suominen 's nonwovens and wet wipes from the previously estimated volumes .",NEGATIVE,NEUTRAL,0.7414702773094177
Earnings per share EPS in 2005 decreased to EUR0 .66 from EUR1 .15 in 2004 .,NEGATIVE,NEUTRAL,0.6609551310539246
"Net profit in the three months through March 31 fell to (  x20ac ) 103 million ( US$ 165 million ) from (  x20ac ) 131 million a year earlier , the Finnish company said .",NEGATIVE,NEUTRAL,0.7542297840118408
"2009 3 February 2010 - Finland-based steel maker Rautaruukki Oyj ( HEL : RTRKS ) , or Ruukki , said today it slipped to a larger-than-expected pretax loss of EUR46m in the fourth quarter of 2009 from a year-earlier profit of EUR45m .",NEGATIVE,NEUTRAL,0.5460038781166077
"The company 's profit before taxes fell to EUR 21.1 mn in the third quarter of 2008 , compared to EUR 35.8 mn in the corresponding period in 2007 .",NEGATIVE,NEUTRAL,0.5934582948684692
`` Operating profit declined mainly due to the increased cost of wood and recycled fiber and the strengthened euro . '',NEGATIVE,NEGATIVE,0.6783636808395386
Diluted earnings per share ( EPS ) stood at EUR 0.25 versus EUR 0.42 .,NEGATIVE,NEUTRAL,0.9060143828392029
17 March 2011 - Goldman Sachs estimates that there are negative prospects for the Norwegian mobile operations of Norway 's Telenor ASA OSL : TEL and Sweden 's TeliaSonera AB STO : TLSN in the short term .,NEGATIVE,NEGATIVE,0.6839313507080078
EMSA Deputy Chairman of the Board Juri Lember told BNS on Wednesday that this was the first time he heard about the strike as the Swedish side had not informed the Estonian union yet .,NEGATIVE,NEUTRAL,0.8607681393623352
Expense ratio was 102.6 % compared to 92.9 % in the corresponding period in 2005 .,NEGATIVE,NEUTRAL,0.8605589270591736
"The operating loss amounted to EUR 0.8 mn , compared to a profit of EUR 3.9 mn a year earlier .",NEGATIVE,NEUTRAL,0.6323588490486145
Operating profit fell to EUR 23.26 mn from EUR 32.86 mn .,NEGATIVE,NEUTRAL,0.7679570913314819
Operating profit fell to EUR 38.1 mn from EUR 55.3 mn in 2007 .,NEGATIVE,NEUTRAL,0.7036135792732239
The measures result from weak demand in the shipbuilding industry .,NEGATIVE,NEGATIVE,0.7189818620681763
SRV lowered its net sales estimate for the whole of 2008 due to uncertainties in housing sales .,NEGATIVE,NEGATIVE,0.521513044834137
"In food trade , sales amounted to EUR320 .1 m , a decline of 1.1 % .",NEGATIVE,NEUTRAL,0.6104564070701599
"The announcement pushed Freenet shares down 6.3 % , or EUR0 .71 , in Frankfurt trade to EUR10 .65 as investors gave up hope United Internet AG and Drillisch would pursue their own takeover and breakup of Freenet .",NEGATIVE,NEGATIVE,0.6572077870368958
"At this growth rate , paying off the national debt will be extremely painful .",NEGATIVE,NEGATIVE,0.8519300818443298
23 April 2010 - Finnish construction and engineering company Outotec Oyj HEL : OTE1V said today it slipped to a net loss of EUR7 .3 m in the first quarter of 2010 from a net profit of EUR12 .5 m in the corresponding period last year .,NEGATIVE,NEUTRAL,0.5228829979896545
"Rapala VMC Corporation STOCK EXCHANGE RELEASE October 10 , 2008 at 11.45 am Kaupthing Bank Oyj ( `` Kapthing '' ) has informed Rapala VMC Corporation ( `` Rapala '' ) that it has interrupted the liquidity providing for Rapala 's share for the time being .",NEGATIVE,NEUTRAL,0.5587179660797119
"The steelmaker said that the drop in profit was explained by the continuing economic uncertainty , mixed with the current drought in bank lending , resulting in a decline in demand for its products as customers find it increasingly difficult to fund operations .",NEGATIVE,NEGATIVE,0.682402491569519
Scanfil has also issued a profit warning .,NEGATIVE,NEUTRAL,0.8844208717346191
"In October , UPM reported a third-quarter net loss of euro86 million $ 110 million compared with a net profit of euro120 million in 2007 .",NEGATIVE,NEUTRAL,0.630652904510498
Operating profit in the fourth quarter fell to EUR33m from EUR39m a year earlier .,NEGATIVE,NEUTRAL,0.7039195895195007
"Net sales of Finnish Sanoma Learning & Literature , of Finnish media group Sanoma , decreased by 3.6 % in January-June 2009 totalling EUR 162.8 mn , down from EUR 168.8 mn in the corresponding period in 2008 .",NEGATIVE,NEUTRAL,0.5688199996948242
Operating profit excluding non-recurring items totaled EUR 5.4 mn compared to EUR 5.5 mn in the corresponding period in 2007 .,NEGATIVE,NEUTRAL,0.8734312057495117
"Nokia 's share price fell less than one percent to 18.70 euros ( $ 25.41 ) in Helsinki , while Siemens shares fell 1.02 percent to 90.19 euros ( $ 122.57 ) in Frankfurt .",NEGATIVE,NEUTRAL,0.7345216274261475
The number of bodily injury cases quadrupled in 2000-2006 .,NEGATIVE,NEGATIVE,0.7445735931396484
"The tightened competition situation in the production automation market has affected net sales during 2006 , Cencorp said .",NEGATIVE,NEUTRAL,0.5787057876586914
"( ADPnews ) - May 4 , 2010 - Finnish cutlery and hand tools maker Fiskars Oyj Abp ( HEL : FISAS ) said today its net profit declined to EUR 12.9 million ( USD 17m ) in the first quarter of 2010 from EUR 17 million in the correspond",NEGATIVE,NEUTRAL,0.5709856152534485
"Finnish Scanfil , a systems supplier and contract manufacturer to the communications sector and the electronics industry , reports its net sales totalled EUR 94.7 mn in the first half of 2010 , down from EUR 99.5 mn in the first half of 2009 .",NEGATIVE,NEUTRAL,0.8422359824180603
"Raute reported a loss per share of EUR0 .86 for the first half of 2009 , against EPS of EUR0 .74 in the corresponding period of 2008 .",NEGATIVE,NEUTRAL,0.5986213684082031
"Finnair 's passenger load factor , which measures the number of sold seats as a share of all available seats , dropped by 1.3 percentage points to 76.7 % in September .",NEGATIVE,NEGATIVE,0.50445556640625
The operating margin came down to 2.4 % from 5.7 % .,NEGATIVE,NEUTRAL,0.7734476923942566
Operating profit fell to EUR 15.1 mn from EUR 24.6 mn in 2006 .,NEGATIVE,NEUTRAL,0.7032222747802734
"Samsung currently occupies third place and lost ground during the quarter , dropping by 1.8 % to an 11.1 % share overall .",NEGATIVE,NEUTRAL,0.5407953858375549
"During the strike , Finnair estimates to incur a net loss of between EUR2m and EUR2 .5 m per day .",NEGATIVE,NEGATIVE,0.6760724186897278
Finnish metal products company Componenta Oyj net profit went slightly down to 25.1 mln euro ( $ 40.2 mln ) for the first half of 2008 from 25.4 mln euro ( $ 40.7 mln ) for the same period of 2007 .,NEGATIVE,NEUTRAL,0.5535208582878113
Scanfil issued a profit warning on 10 April 2006 .,NEGATIVE,NEUTRAL,0.9293879270553589
The Finnish company previously said its operating result will be lower than the break-even posted a year earlier .,NEGATIVE,NEGATIVE,0.5907978415489197
Ramirent made 18 million kroons EUR 1.15 mln loss last year ; the year before the company was 7.3 million kroons in the black .,NEGATIVE,NEUTRAL,0.5637013912200928
Glaston 's net profit for the third quarter of 2007 dropped to 2.4 mln euro ( $ 3.5 mln ) from 3.5 mln euro ( $ 5.1 mln ) for the corresponding period of 2006 .,NEGATIVE,NEUTRAL,0.5601443648338318
"The period 's sales dropped to EUR 30.6 million from EUR 38.3 million , according to the interim report , released today .",NEGATIVE,NEUTRAL,0.5637603998184204
Pretax loss totalled EUR 162.3 mn compared to a profit of EUR 253.5 mn in 2007 .,NEGATIVE,NEUTRAL,0.6321134567260742
Swedbank 's shares have been hardest hit of the Swedish banks by the ongoing international financial crisis .,NEGATIVE,NEGATIVE,0.745140552520752
Net sales have been eaten by the weak US dollar .,NEGATIVE,NEGATIVE,0.7869566679000854
"Operating loss of the Pulp & Paper Machinery unit was over EUR 3mn in September 2007 - August 2008 , compared to a profit of EUR 3.7 mn a year earlier .",NEGATIVE,NEUTRAL,0.5037796497344971
"In Finland , OP-Pohjola 's staff union is boycotting the group 's insurance sales tasks because the company has refused to take the sale of insurance into account in determining wages .",NEGATIVE,NEGATIVE,0.8345454335212708
"Thanks to its extensive industry and operations experience , Cybercom offers strategic and technological expertise to these markets : telecom , industry , media , public sector , retail , and banking and financial services .",NEUTRAL,POSITIVE,0.8363588452339172
The company is reportedly searching for a replacement for CEO Olli-Pekka Kallasvuo .,NEUTRAL,NEUTRAL,0.9390987753868103
"The device can also be used for theft protection and positioning of vehicles , boats and other assets .",NEUTRAL,NEUTRAL,0.8895903825759888
Uponor maintains its full-year guidance for 2010 .,NEUTRAL,NEUTRAL,0.9301010966300964
"Fortum expects its annual capital expenditure in the next four to five years to be within a range of EUR 0.8-1 .2 billion , as earlier announced .",NEUTRAL,NEUTRAL,0.8497567176818848
Pohjola and cooperative banks have continued to combine their branch office network .,NEUTRAL,NEUTRAL,0.8604812622070312
"According to latest information , Benefon will launch its Twig device on 20 September 2006 .",NEUTRAL,NEUTRAL,0.8313816785812378
"On the following workday customers can check from their home computers how their purchases are divided between different ingredient groups , how much energy various products contain and what is the nutritional content of all purchases .",NEUTRAL,NEUTRAL,0.9354950189590454
Panostaja Oyj 's Board also decided at its organisational meeting held upon completion of the AGM to implement the AGM decision concerning Board member fees paid as shares in such a way that shares are transferred on a quarterly basis on the date following publication of the quarterly-annual report .,NEUTRAL,NEUTRAL,0.9399760961532593
Okmetic Board of Directors has also decided on a new share ownership program directed to the company 's top management .,NEUTRAL,NEUTRAL,0.8715943098068237
"Jon Risfelt has previously held operational executive positions in Europolitan , Ericsson , SAS , American Express card and travel divisions , as well as Nyman & Schultz ( CEO ) , Vodafone Sweden ( CEO ) , and Gambro Renal Products ( CEO ) .",NEUTRAL,NEUTRAL,0.931942343711853
"The interim report for the first quarter is published on May 8 , 2009 .",NEUTRAL,NEUTRAL,0.9599828124046326
Net sales of the Lehdentekijat unit was approximately EUR 14 million in 2007 and it had 70 employees .,NEUTRAL,NEUTRAL,0.8952906131744385
FCC Chairman Kevin Martin said that fair play required extending the same deregulatory rules to the digital subscriber lines that telecom providers use for broadband networks .,NEUTRAL,NEUTRAL,0.922206699848175
The value of the deal has not been disclosed .,NEUTRAL,NEUTRAL,0.7324650883674622
"---------------------------------------------------------------------- -------------- Munich , 14 January 2008 : BAVARIA Industriekapital AG closed the acquisition of Elcoteq Communications Technology GmbH in Offenburg , Germany , with the approval of the",NEUTRAL,NEUTRAL,0.9045271277427673
The center will be built in the Kapuli district of Mantsala beside the Hanko-Mantsala-Porvoo road near the new direct rail link between Lahti and Jarvenpaa .,NEUTRAL,NEUTRAL,0.9131343960762024
Currently Alfred A Palmberg is putting the finishing touches to one of Finland 's biggest ever re-plumbing and bathroom refurbishment projects also in the district of Vuosaari .,NEUTRAL,NEUTRAL,0.6082217693328857
"GS Engineering will install the valves at a liquefied natural gas LNG plant it has built for UAE LNG extraction and gas plants operator GASCO in Ruwais , UAE .",NEUTRAL,NEUTRAL,0.9244581460952759
"Under a preliminary estimation , the technology park will measure about 50,000 square meters .",NEUTRAL,NEUTRAL,0.9109072089195251
No financial details were revealed .,NEUTRAL,NEUTRAL,0.8284944295883179
"CDP was established on the initiative of institutional investors ; however , the annually published results also interest an increasing number of customers and other interest groups of the reporting companies .",NEUTRAL,NEUTRAL,0.7285345792770386
"HK Ruokatalo produces many turkey products , such as cold cuts .",NEUTRAL,NEUTRAL,0.8501365184783936
"For the fiscal year ending September 30 , 2009 the revenue from these customers was $ 10.012 million or around 11.0 % of the transportation group 's revenue .",NEUTRAL,NEUTRAL,0.8785320520401001
"Previously , the plant was expected to be completed by the end of 2008 .",NEUTRAL,NEUTRAL,0.8841772079467773
"The decision of the French Court relates to the claims raised by twenty-one former Aspocomp S.A.S employees , the company said .",NEUTRAL,NEUTRAL,0.8916056752204895
"The huge bridge girders will be delivered to the site from our plant in Ylivieska , Finland .",NEUTRAL,NEUTRAL,0.8447020649909973
Her work at NetApp included strategically repositioning the brand in the category and a major global relaunch .,NEUTRAL,POSITIVE,0.5254637002944946
"The unit 's clients are mainly in the field of specialist convenience goods , as well as in the textile , shoe and furniture businesses .",NEUTRAL,NEUTRAL,0.7584007978439331
"After the split , the company would have 26,885,540 Series A shares and 9,540,000 Series K shares .",NEUTRAL,NEUTRAL,0.939440906047821
One of the headboxes will be equipped with a modern consistency control system to ensure cross machine profile of the plasterboard .,NEUTRAL,NEUTRAL,0.8291897773742676
The company says the measures are no longer needed .,NEUTRAL,NEUTRAL,0.7753894329071045
"In a recent interview with the Financial Times ( FT ) , Sampo 's board chairman Bjorn Wahlroos said If P&C was certainly for sale and the price had been set at SEK 85 billion , confirming earlier statements .",NEUTRAL,NEUTRAL,0.9322943091392517
18:30 Dinner The conference program can also be viewed as a live audio webcast through the internet pages at www.citycon.com .,NEUTRAL,NEUTRAL,0.8912371397018433
"Motorola , the world 's second-largest maker of cell phones , unveiled the new phone Tuesday in a bid to resurrect its ailing handset business .",NEUTRAL,POSITIVE,0.7674112915992737
The EUR 0.7 million non-recurring expenses have been recorded for the third quarter .,NEUTRAL,NEUTRAL,0.8433781266212463
J+ñrvi-Suomen Portti is also planning to reduce the use of sodium nitrite .,NEUTRAL,NEUTRAL,0.9013513326644897
The contract value amounts to EUR 2.4 million .,NEUTRAL,NEUTRAL,0.9076194167137146
"Please inform IR Johanna Koskinen of your participation no later than 20 April at 10 a.m. A telephone conference for financial analysts and investors , conducted in English , will begin at 3:00 p.m. Finnish time ( EET ) .",NEUTRAL,NEUTRAL,0.9455391764640808
The plant would use palm oil certified by the Roundtable on Sustainable Palm Oil ( RSPO ) .,NEUTRAL,NEUTRAL,0.8985779285430908
"Finnish Suominen Corporation that makes wipes , nonwovens , and flexible packaging , has a plant near Warsaw , in Poland , that makes flexible packaging .",NEUTRAL,NEUTRAL,0.7583743929862976
These module products will be available for trials during 3Q-07 and for volume deliveries during 4Q-07 .,NEUTRAL,NEUTRAL,0.8916794061660767
"After the sale , Savcor Group Ltd will comprise Savcor ART , a corporate function and an investment in Cencorp Corporation .",NEUTRAL,NEUTRAL,0.9333454966545105
"The company has a continuous need for alloys such as nickel , ferro-chrome , molybdenum and manganese in its production , said Talvivaara .",NEUTRAL,NEUTRAL,0.8613654971122742
He is a Chartered Accountant in British Columbia and Alberta as well as a Certified Public Accountant in Washington State .,NEUTRAL,NEUTRAL,0.932415783405304
"The company was supposed to deliver machinery to a veneer mill in the Tomsk region , in Russia .",NEUTRAL,NEUTRAL,0.8828610181808472
CORPORATE IT UPDATE - ( C ) 1995-2009 M2 COMMUNICATIONS LTD Finnish technology group Teleste Corporation ( OMX Helsinki : TLT1V ) reported on Wednesday ( 4 February ) an operating profit of EUR5 .6 m on net sales of EUR108 .7 m for the year 2008 .,NEUTRAL,NEUTRAL,0.9310943484306335
"Also in Latvia , we act as a partner for bakery customers in both production and product development .",NEUTRAL,NEUTRAL,0.5642381906509399
"It is part of the development of the world-class magnetite deposit at Karara , which has the known potential for over 30 million metric tons of annual processing of magnetite over its estimated 30-year life .",NEUTRAL,POSITIVE,0.6862646341323853
The sellers were the founders of the company .,NEUTRAL,NEUTRAL,0.9206247925758362
"The Group 's consolidated net sales for 2008 totaled 3.4 billion euros and it employs approximately 13,000 persons .",NEUTRAL,NEUTRAL,0.8685837388038635
"By the end of 2006 , the number of joint branch offices will total 170 .",NEUTRAL,NEUTRAL,0.9020450115203857
"Lemminkainen Infra Oy 's subsidiary Lemminkainen Sverige AB will perform the construction work , which is expected to start in early 2011 and to be completed in the summer of 2013 .",NEUTRAL,NEUTRAL,0.9495458602905273
The combined value of the planned investments is about EUR 30mn .,NEUTRAL,NEUTRAL,0.8936371803283691
"Proline Plus is available in both adjustable single and multichannel models and fixed volume single-channel models , in volume ranges from 0.1 micro litres to 10 ml .",NEUTRAL,NEUTRAL,0.635641872882843
"The first four of the new shop-in-shops will be opened this spring : on Madison Avenue in New York as well as in Chicago , Los Angeles and San Francisco .",NEUTRAL,NEUTRAL,0.8126174807548523
The contract involves refurbishing the bathrooms of 189 units as well as re-plumbing their water and sewer pipes .,NEUTRAL,NEUTRAL,0.9429254531860352
"In the first quarter of 2008 , Sacanfil 's net sales totalled EUR 50.0 mn and its operating profit EUR 4.7 mn .",NEUTRAL,NEUTRAL,0.8479962348937988
"Exel 's board of directors will propose a dividend of 0.2 euro $ 0.3 per share for 2006 at the annual general meeting on April 19 , 2007 .",NEUTRAL,NEUTRAL,0.9255540370941162
"The Finnish business delegation includes representatives from over 20 companies that include Nokia Corp , Finnfund , Outokumpu Oyj , OKO Bank , Alteams Oy and Cargotec Corp. .",NEUTRAL,NEUTRAL,0.859942615032196
"At end-August , Sampo was Nordea 's biggest shareholder with a 20.6 % stake , followed by the state with 19.9 % .",NEUTRAL,NEUTRAL,0.867408275604248
"The program , which was started in the summer of 2007 , was originally estimated to last approximately two years .",NEUTRAL,NEUTRAL,0.9466420412063599
The energy sector accounted for approximately 33 % and the steel industry for about 57 % of the transportation volume .,NEUTRAL,NEUTRAL,0.8741087913513184
"The facility will be used to refinance Citycon 's existing credit facility , the company said .",NEUTRAL,NEUTRAL,0.9344823360443115
"L&T is operative in Finland , Sweden , Latvia , Russia and Norway .",NEUTRAL,NEUTRAL,0.9391967058181763
"The contract also includes cutting and edging wagon parts at Ruukki 's steel service centres in Seinajoki and Raahe , both in southwestern Finland , from where they will be delivered to VR for welding and assembly .",NEUTRAL,NEUTRAL,0.9521580934524536
"CapMan , with offices in Helsinki , Stockholm , Copenhagen and Oslo , manages Nordic buyout , mezzanine , technology , life science and real estate funds with approximately EUR2 .6 bn in total capital .",NEUTRAL,NEUTRAL,0.8637349605560303
The company may at any time have in its possession one tenth of all its shares at the maximum .,NEUTRAL,NEUTRAL,0.9271414279937744
No changes in media activity were seen in October compared with September .,NEUTRAL,NEUTRAL,0.9158489108085632
Quality chargers under CHARGZ brand are sold in selected retail stores and other sales locations world-wide .,NEUTRAL,POSITIVE,0.5794699192047119
"Under the agreement , Larox will transfer 10 employees within engineering and documentation related to delivery projects and product maintenance in Finland to Etteplan as of January 1 , 2007 .",NEUTRAL,NEUTRAL,0.9564744234085083
"Purchase it for the 12MP snapper , if nothing else .",NEUTRAL,NEUTRAL,0.7854264378547668
"PCS Digital Guatemala has been using Tecnomen 's prepaid system in Telgua fixed networks as well as code division multiple access , or CDMA , and global system for mobile communication , or GSM , since 2003 .",NEUTRAL,NEUTRAL,0.9311054944992065
"The Tekla Structures 16 installation has been built according to Microsoft 's requirements for the Windows 7 certification , the Company added .",NEUTRAL,NEUTRAL,0.781734049320221
"1 p.m. Central office of Nordea Bank 19 3-ya ulitsa Yamskogo Polya , Building 1 Telephone : 495 777-34-77 ext. 3932 , 3931 03.02.2011 Unimilk - EGM 03-04 .02.2011 XVI international business-summit Food Business Russia 2011 will take place .",NEUTRAL,NEUTRAL,0.943630039691925
"The ship cranes , which will be manufactured by MacGREGOR 's partner plants in China , will be delivered between 2008-2010 for vessels ordered by Chinese COSCO , German Peter Dohle and Hong Kong based Cido Shipping .",NEUTRAL,NEUTRAL,0.9359238743782043
"Founded in 1946 , Strand Associates , which provides civil , environmental , transportation , electrical and mechanical engineering services , has 350 employees at 10 offices in Wisconsin , Alabama , Illinois , Indiana , Kentucky and Ohio .",NEUTRAL,NEUTRAL,0.8885787129402161
"Glaston , headquartered in Tampere , Finland , is a growing and international glass technology company .",NEUTRAL,POSITIVE,0.504965603351593
"`` These tests are part of a larger campaign which includes various customer trials and demonstrations to make LTE on 800 MHz commercially viable by this summer , '' Nokia Siemens head of LTE business line , Reino Tammela , said .",NEUTRAL,NEUTRAL,0.8360307812690735
"In addition , the contract includes modification of the effluent treatment plant at Follum .",NEUTRAL,NEUTRAL,0.9345744848251343
Filmiteollisuus Fine Ab will be transferred to Talentum Oyj in the form of a subsidiary .,NEUTRAL,NEUTRAL,0.9363667368888855
Benefon will turn the Salo unit into a B2B business unit and establish a B2C business unit in the UK .,NEUTRAL,NEUTRAL,0.9000495672225952
"At the end of March 2009 , the company 's loans amounted to EUR 10.113 mn .",NEUTRAL,NEUTRAL,0.929270327091217
"The product advisory does not apply to any other Nokia-branded battery , the company said .",NEUTRAL,NEUTRAL,0.8791936039924622
"The firm 's services include copying , printing , CAD-modelling , digital printing , scanning , SokoPro project bank and courier services .",NEUTRAL,NEUTRAL,0.8628291487693787
The combined value of the orders is almost EUR 3mn .,NEUTRAL,NEUTRAL,0.7942600250244141
"The Tekla Structures product box , if needed , is now made from recycled material .",NEUTRAL,NEUTRAL,0.8659554123878479
SHARE REPURCHASE 11.01.2008 In the Helsinki Stock Exchange On behalf of Sampo plc Danske Bank A-S Helsinki Branch,NEUTRAL,NEUTRAL,0.9472857117652893
"The Web-Marela application handles invitations to quote , quote comparisons , agreements , purchases , invoice inspections , inventory management , and deliveries .",NEUTRAL,NEUTRAL,0.9308285117149353
"Compagnie de Financement Foncier - Is to issue a benchmark , 10 year covered deal in Euros .",NEUTRAL,NEUTRAL,0.9201490879058838
`` I 'm not sure what 's happening .,NEUTRAL,NEGATIVE,0.5430234670639038
L&T also acquired a 50 pct stake in local sector company Salvor Oy at the beginning of September 2007 .,NEUTRAL,NEUTRAL,0.928392231464386
"The deal covers Stockmann Auto Oy Ab 's sales and after-sales services concerning Volkswagen and Audi in Helsinki , Espoo and Vantaa .",NEUTRAL,NEUTRAL,0.9254131317138672
"Our customers come from the following countries : UK , USA , Spain , France , Italy , Germany , China , Sweden , Norway , Netherlands , Austria , Belgium , Switzerland , Czech Republic , Serbia , Finland , Canada , Russia , Ukraine , Portugal , Denmark , Ireland , South Korea , Estonia and Liechtenstein .",NEUTRAL,NEUTRAL,0.875845193862915
"mr Bakman sees also expansion options on the Tallinn-Helisnki link , claiming however , that operating the link with only a single ship is not enough .",NEUTRAL,NEUTRAL,0.7962995171546936
The server is responsible for managing devices and user accounts and a desktop client application enables remote access to the mobile phones .,NEUTRAL,NEUTRAL,0.9272273182868958
Each year the dividend is deducted from the subscription price .,NEUTRAL,NEUTRAL,0.8913965225219727
Technopolis has approximately 130 customer companies in Jyvaskyla .,NEUTRAL,NEUTRAL,0.9226782917976379
"Ahlstrom Corporation STOCK EXCHANGE ANNOUNCEMENT 7.2.2007 at 10.30 A total of 56,955 new shares of Ahlstrom Corporation have been subscribed with option rights under the company 's stock option programs I 2001 and II 2001 .",NEUTRAL,NEUTRAL,0.9294323921203613
"The opportunity will be available only for few employees , however .",NEUTRAL,NEUTRAL,0.8492131233215332
"Sanoma also has an Executive Committee , in accordance with the Company 's Articles of Association , that prepares proposals for matters to be decided or noted by the Board of Directors .",NEUTRAL,NEUTRAL,0.9495627284049988
There have not been previous share subscriptions with 2004 stock options .,NEUTRAL,NEUTRAL,0.8406146764755249
Profit after taxes totaled EUR 12.1 mn .,NEUTRAL,NEUTRAL,0.8671430349349976
We make available the following brand-new market analyses : Cement - UK Cement - Poland Cement - Belgium These analyses give a clear overview of the actual situation and future outlook of the cement industry in some European countries .,NEUTRAL,NEUTRAL,0.8430650234222412
The event can also be viewed as a live audio webcast at www.ahlstrom.com .,NEUTRAL,NEUTRAL,0.8223425149917603
"The company generates net sales of about 600 mln euro $ 775.5 mln annually and employs 6,000 .",NEUTRAL,NEUTRAL,0.7680193185806274
The new B shares carry the right to dividend and other shareholder rights with effect from today .,NEUTRAL,NEUTRAL,0.8503868579864502
"Master of Mayawas jointly developed by Nokia Siemens Networks and UFA - FremantleMedia , and will be actively advertised by Maxis in the end of May 2007 .",NEUTRAL,NEUTRAL,0.8946594595909119
Kirsi Rantanen was previously development director for HK Ruokatalo 's poultry business .,NEUTRAL,NEUTRAL,0.9589534997940063
"The business units of the InvestLesProm Group cover the full forest industry chain , and the Group owns forests , sawmills , paper and pulp mills , and other processing plants .",NEUTRAL,NEUTRAL,0.9055893421173096
Aktia forecasts Finland 's inflation at 1.1 % in 2010 .,NEUTRAL,NEUTRAL,0.8958743214607239
Finnish Bank of +àland will launch its long-term pension savings account at the beginning of June 2010 .,NEUTRAL,NEUTRAL,0.9185464382171631
"The connectivity unit has more than 100 e-invoice customers , and the number of annual transactions stands at nearly one million .",NEUTRAL,NEUTRAL,0.7305518388748169
"LONDON ( AFX ) - Intertek Group PLC , a testing and inspection company , said its commercial and electrical division has bought Finland-based company Natlabs Oy from Etteplan Oyj for 1.3 mln eur in cash .",NEUTRAL,NEUTRAL,0.9421584010124207
Each option right entitles the holder to subscribe for one new share at a subscription price of EUR0 .045 during the subscription period which ends on 31 December 2013 .,NEUTRAL,NEUTRAL,0.910313069820404
All depends on financing .,NEUTRAL,NEUTRAL,0.8765829801559448
CS Cabot 's main consumers on the Czech and Slovak market are tires producers Barum Continental and Matador Continental .,NEUTRAL,NEUTRAL,0.9320957064628601
The deal includes an option for Cramo to buy out the minority stake in 2011 .,NEUTRAL,NEUTRAL,0.9354128241539001
"We went to the market with yield guidance of the 7.25 % area , which gave us the flexibility to go up or down by 1-8th .",NEUTRAL,NEUTRAL,0.8235281109809875
"The Inventors are Ridge Justin , Bao Yiliang and Karczewicz Marta .",NEUTRAL,NEUTRAL,0.8663238883018494
"The divested company is part of TietoEnator 's business area Government , Manufacturing & Retail .",NEUTRAL,NEUTRAL,0.9057936072349548
` Nordic infrastructure construction is one of our strategic growth areas .,NEUTRAL,POSITIVE,0.6134028434753418
"The start of the negotiations , relating to Glaston 's efficiency program , was announced in October .",NEUTRAL,NEUTRAL,0.9193651676177979
"The 5,000 megawatt wind farm being planned in Raahe would be built offshore in front of Ruukki 's Raahe Works .",NEUTRAL,NEUTRAL,0.92768394947052
Shuweihat 2 got under way in July 2008 when the project was awarded to desalination and power contractors .,NEUTRAL,NEUTRAL,0.9256453514099121
"A Flurry Analytics spokesperson said that , as it was only measuring Windows Phone 7 data for some weeks , the firm double-checked the data to make sure the 66 per cent rise was not an aberration .",NEUTRAL,NEUTRAL,0.8624200224876404
"Products include Consumer Electronics devices such as mobile phones and their accessories , set-top boxes , flat panel TVs as well as System Solutions products such as infrastructure systems , modules and other industrial segment products .",NEUTRAL,NEUTRAL,0.9124634861946106
"The company is headquartered in Sievi , Finland , and is listed on the Nordic Exchange in Helsinki .",NEUTRAL,NEUTRAL,0.9293514490127563
The arrangements do not apply to the group 's units outside Finland .,NEUTRAL,NEUTRAL,0.7693579792976379
"It is a member of the OneWorld alliance , which includes American Airlines and British Airways .",NEUTRAL,NEUTRAL,0.8733549118041992
"When cruising , the revs fall as less engine output is required .",NEUTRAL,NEUTRAL,0.6368382573127747
Bovine slaughtering and cutting at the Kuopio facility will be transferred to the Kauhajoki slaughterhouse .,NEUTRAL,NEUTRAL,0.8996654152870178
"Stockholm-based Nordea Bank ( STO : NDA ) said yesterday it had hired Casper von Koskull to lead its corporate merchant banking and capital markets unit , effective 1 September .",NEUTRAL,NEUTRAL,0.9253442287445068
Otherwise the situation is under control .,NEUTRAL,NEUTRAL,0.728346586227417
"Equipment will be manufactured in Vaahto 's workshop in Hollola , Finland and is scheduled for shipments during the first quarter of 2009 .",NEUTRAL,NEUTRAL,0.943493127822876
The firm builds components for mobile phones and other communications products .,NEUTRAL,NEUTRAL,0.82179856300354
Finnish fibers and plastics producer Suominen Corporation OMX Helsinki : SUY1V reported on Wednesday 22 October an operating loss of EUR0 .8 m on net sales of EUR55 .2 m for the third quarter of 2008 .,NEUTRAL,NEUTRAL,0.7277964949607849
Finnish Raute Precision that supplies weighing and dosing systems and plants is changing its name to Lahti Precision .,NEUTRAL,NEUTRAL,0.9520102739334106
"He joins Technopolis from KONE where he has held various positions within the Group , most recently as Director of Service Business and Business Development for KONE s Middle Eastern operations .",NEUTRAL,NEUTRAL,0.8310604095458984
Competition authorities will have to approve the deal before it can be finalized .,NEUTRAL,NEUTRAL,0.9025170207023621
"Finnish drug distributor and wholesaler Oriola-KD Oyj said on October 11 , 2006 it named Anne Kariniemi vice president of its Logistics and Sourcing department as of January 15 , 2007 .",NEUTRAL,NEUTRAL,0.9566732048988342
Mr Skogster currently serves as the manager responsible for ABB Oy 's system modules for low voltage drives .,NEUTRAL,NEUTRAL,0.9322130680084229
"Founded in 1923 , Finnair is one of the world 's oldest airlines and flies to 60 destinations with a fleet of 63 aircraft , employing 9,500 people .",NEUTRAL,NEUTRAL,0.5551111102104187
"The Annual General Meeting approved that the yearly remuneration for the members of the Board of Directors shall remain at EUR 40.000 for the Chairman of the Board , EUR 30.000 for the Deputy Chairman of the Board and EUR 20.000 for other members of the Board .",NEUTRAL,NEUTRAL,0.8324509263038635
"Of these shares 14,747,084 are held by the Company and the number of outstanding shares and voting rights attached to the shares amounts thus to 161,256,847 .",NEUTRAL,NEUTRAL,0.9195655584335327
"Ahlstrom , headquartered in Helsinki , Finland , is a global leader in the development , manufacture and marketing of high performance fibre-based materials .",NEUTRAL,POSITIVE,0.740269124507904
Other details were not provided .,NEUTRAL,NEUTRAL,0.6024905443191528
The deal was worth about EUR 1.2 mn .,NEUTRAL,NEUTRAL,0.8965854048728943
"Rohwedder Group is an automotive supplies , telecommunications and electronics industry provider for customers in Europe , North America and Asia .",NEUTRAL,NEUTRAL,0.8490737080574036
"The company has decided to stop the operations of Ruukki Construction Division in Latvia and Lithuania , and concentrate the production and logistics in Parnu , Estonia in 2009 .",NEUTRAL,NEUTRAL,0.8484928011894226
Revenue grew 1 percent to euro742 .2 million US$ 964 million from euro735 million .,POSITIVE,POSITIVE,0.527469277381897
"Luxembourg-registered investment fund Amber Trust II has won the final approval of Lithuania 's Competition Council to acquire 29.6 percent of Sanitas , the country 's largest pharmaceutical producer .",POSITIVE,NEUTRAL,0.6910457015037537
The company is also featured in the Ethibel Pioneer Investment Register and included in Innovest 's Global 100 list of the world 's most sustainable corporations .,POSITIVE,POSITIVE,0.8578745722770691
Merrill Lynch analyst Campbell Morgan upgraded his recommendation on PaperlinX from `` neutral '' to `` buy '' in May .,POSITIVE,NEUTRAL,0.7777407169342041
"The company booked April-June new orders worth 949 mln eur , compared with 786 mln eur in the same period a year ago .",POSITIVE,NEUTRAL,0.9012618064880371
The company also estimates the already carried out investments to lead to an increase in its net sales for 2010 from 2009 when they reached EUR 141.7 million .,POSITIVE,NEUTRAL,0.6168336868286133
The acquisition will have an immediate positive impact on Aspocomp 's financial result .,POSITIVE,POSITIVE,0.896857500076294
"Sales VAT inclusive expanded by 19 percent , to 351 million euros .",POSITIVE,POSITIVE,0.512037992477417
3 January 2011 - Finnish flag carrier Finnair Oyj ( HEL : FIA1S ) said today it sealed a nine-year sale and leaseback agreement for its newest Airbus A330 aircraft for syndication into the Japanese operating lease market .,POSITIVE,NEUTRAL,0.9164515137672424
EBIT margin was up from 1.4 % to 5.1 % .,POSITIVE,POSITIVE,0.6498778462409973
Finland 's Poyry Energy has won a contract to advise builders of a new cogeneration power plant in Lithuania 's second-biggest city of Kaunas and to supervise the construction process .,POSITIVE,NEUTRAL,0.6805819869041443
"Lee & Man Paper and Metso have a long and prosperous co-operation , a good example of which are the Changshu and Hongmei kraftliner machines delivered earlier .",POSITIVE,POSITIVE,0.882860004901886
"`` The transaction strengthens our position ... in design and branded goods , '' said Fiskars president and CEO Heikki Allonen , pointing out that the two groups have relatively few overlapping operations .",POSITIVE,NEUTRAL,0.5259508490562439
"The financial impact is estimated to be an annual improvement of EUR2 .0 m in the division 's results , as of fiscal year 2008 .",POSITIVE,NEUTRAL,0.8501248955726624
Finnish lifting equipment maker Konecranes HEL : KCR1V said on 29 July 2009 it has raised its stake in Austrian manipulator maker ACS Konecranes to 80 % and bought German sector player Knight Europe .,POSITIVE,NEUTRAL,0.919722318649292
28 October 2010 - Finnish wood products technology supplier Raute Oyj HEL : RUTAV said today it swung to a net profit of EUR3m for the first nine months of 2010 versus a net loss of EUR5 .2 m for the same period a year earlier .,POSITIVE,NEUTRAL,0.893255889415741
Finnish Bore that is owned by the Rettig family has grown recently through the acquisition of smaller shipping companies .,POSITIVE,NEUTRAL,0.8341463804244995
"HELSINKI ( AFX ) - Nokian Tyres reported a fourth quarter pretax profit of 61.5 mln eur , up from 48.6 mln on the back of strong sales .",POSITIVE,POSITIVE,0.5582660436630249
TELE2 Affarsvarlden gave a `` buy '' recommendation on mobile operator Tele2 AB and a share price target of 142 crowns ( $ 23.54 - 15.19 euro ) .,POSITIVE,NEUTRAL,0.9148858785629272
"Sales climbed 19.2 pct to 1.002 bln eur , surpassing the 953 mln eur consensus figure .",POSITIVE,POSITIVE,0.7276403903961182
"Pretax profit totalled EUR 80.8 mn , compared to a loss of EUR 13.1 mn in the corresponding period in 2009 .",POSITIVE,NEUTRAL,0.7890527248382568
"`` We 're delighted with the move '' says Morna Cowie , co-owner , above , `` it 's double the size of our current shop and has a lovely feel to it . ''",POSITIVE,POSITIVE,0.9834372997283936
Production capacity will increase from 36 000 to 85 000 tonnes per year and the raw material will continue to be recycled paper and board .,POSITIVE,NEUTRAL,0.8825573921203613
Finnish and Swedish construction markets are still experiencing an estimated 4 % annual growth in 2008 .,POSITIVE,NEUTRAL,0.8221137523651123
"In Lithuania , operating profit rose to EUR 190,000 from EUR 70,000 in the corresponding period in 2005 .",POSITIVE,NEUTRAL,0.6560330390930176
"Aspo Plc STOCK EXCHANGE RELEASE February 11 , 2011 at8 .45 a.m. ESL Shipping Ltd , part of Aspo Group , has signed a new , long-term contract with Rautaruukki Corporation for the marine transport of raw materials on the Baltic Sea .",POSITIVE,NEUTRAL,0.9406482577323914
Rautaruukki said construction group YIT has awarded it a 2.5 mln eur contract to supply the steel structures for a new bridge spanning the Kemijoki river in Northern Finland .,POSITIVE,NEUTRAL,0.9270696043968201
"The company , which makes garden tools , scissors and other consumer goods , said earnings were boosted by 6.9 mln eur of income it received from its 16.7 pct shareholding in Finnish engineering group Wartsila .",POSITIVE,POSITIVE,0.7030016779899597
"The competition was received with great enthusiasm by the employees , he goes on .",POSITIVE,POSITIVE,0.962486743927002
"Operating profit for the three-month period increased from EUR1 .2 m , while revenue increased from EUR20 .2 m , as compared to the corresponding period in 2005 .",POSITIVE,NEUTRAL,0.5656408071517944
"Advertising and circulation revenues grew by 3.4 % and by 0.4 % , respectively .",POSITIVE,NEUTRAL,0.6308811902999878
"`` This vessel order will help Aspo secure the long-term competitiveness of its fleet , both in terms of technology and pricing .",POSITIVE,POSITIVE,0.7590193748474121
Technical indicators for the stock are bullish and S&P gives NOK a positive 4 STARS out of 5 buy ranking .,POSITIVE,POSITIVE,0.899819552898407
"Pretax profit rose to EUR 1,019 mn from EUR 1,007 in the corresponding period in 2005 .",POSITIVE,NEUTRAL,0.759589672088623
"Danske Bank A-S DANSKE DC jumped 3.7 percent to 133.4 kroner , rebounding from yesterday s 3.5 percent slide .",POSITIVE,NEUTRAL,0.6594266295433044
That would be an increase from estimated sales of 117 million last year .,POSITIVE,NEUTRAL,0.670569896697998
Finnish elevators and escalators maker KONE Corporation said on Tuesday ( 18 March ) that it has received a major order from Sir Robert McAlpine to supply all elevators and escalators for the Watermark Place project in the City of London .,POSITIVE,NEUTRAL,0.8525274395942688
This acquisition supports our strategy of being close to our customers all around the world offering both equipment and related services .,POSITIVE,POSITIVE,0.8403154611587524
Operating profit rose to EUR 27.8 mn from EUR 17.5 mn in 2008 .,POSITIVE,NEUTRAL,0.7035117745399475
"Operating profit surged to EUR21m from EUR106 ,000 .",POSITIVE,NEUTRAL,0.5966033935546875
The growth of net sales has continued favourably in the Middle East and Africaand in Asia Pacific .,POSITIVE,POSITIVE,0.8799952864646912
Finnish electronics manufacturer PKC Group Oyj ( OMX Helsinki : PKC1V ) said on Wednesday ( 31 December ) that it has completed the acquisition of MAN Nutzfahrzeuge AG 's cable harness business from MAN Star Trucks & Buses Spolka zoo in Poland .,POSITIVE,NEUTRAL,0.9021028876304626
"In the first quarter of 2010 , the mark-to-market result was a pretax profit of EUR 133 million versus a loss of EUR 32 million in the same period last year .",POSITIVE,NEUTRAL,0.8444356918334961
Sanoma Magazines ' net sales are estimated to grow in 2006 .,POSITIVE,NEUTRAL,0.7749704718589783
"The two companies will also partner in further developing Raiso 's cholesterol lowering brand , Benecol .",POSITIVE,NEUTRAL,0.5918279886245728
"As a result , the company currently anticipates net sales to increase and the operating result to be positive .",POSITIVE,POSITIVE,0.8553724884986877
"The six breweries recorded a 5.2 percent growth in domestic beer sales last year to 270.21 million liters , from 256.88 million liters sold in 2005 .",POSITIVE,NEUTRAL,0.5022010207176208
"2010 16 July 2010 - Finnish steel maker Rautaruukki Oyj HEL : RTRKS , or Ruukki , said today it turned to a net profit of EUR20m in the second quarter of 2010 from a net loss of EUR94m in the corresponding period last year .",POSITIVE,NEUTRAL,0.9091275334358215
"International sales rose by 59.8 % to EUR 1,244.4 mn .",POSITIVE,POSITIVE,0.6839773058891296
"Shares of Standard Chartered ( STAN ) rose 1.2 % in the FTSE 100 , while Royal Bank of Scotland ( RBS ) shares rose 2 % and Barclays shares ( BARC ) ( BCS ) were up 1.7 % .",POSITIVE,NEUTRAL,0.5533159375190735
Finnish Rautaruukki has been awarded a contract to supply and install steel superstructures for the Partihallsf+Ârbindelsen bridge in Gothenburg in Sweden .,POSITIVE,NEUTRAL,0.9163262844085693
Sales of security and system packaging increased slightly .,POSITIVE,NEUTRAL,0.8155829906463623
"Suominen Corporation estimates that the cost-cutting program that started in autumn 2005 , higher sales prices , and expected growth in volume of Wet Wipes , will make the company 's operations more profitable .",POSITIVE,POSITIVE,0.7914131879806519
"Vaahto Pulp & Paper , of Finnish Vaahto Group , has been awarded an order to renovate Finnish-Swedish forest industry company Stora Enso 's paperboard machine at the Ingerois Board Mill in Finland .",POSITIVE,NEUTRAL,0.8694764375686646
Operating profit rose from EUR 1.94 mn to EUR 2.45 mn .,POSITIVE,NEUTRAL,0.5974116325378418
"Operating profit totalled EUR 83.0 mn , up from EUR 23.5 mn year-on-year .",POSITIVE,NEUTRAL,0.5220062136650085
"Finnish technology group Aspocomp Group Oyj ( OMX Helsinki : ACG1V ) issued its third quarter report on Thursday ( 13 November ) , posting an operating profit of EUR0 .4 m , as compared to a loss of EUR0 .5 m in the third quarter of 2007 .",POSITIVE,NEUTRAL,0.87408047914505
A memorandum of understanding on cooperation between the Finnish Global Chemical Company KEMIRA and Vietnam National Chemicals Group ( Vinachem ) was signed on this occasion .,POSITIVE,NEUTRAL,0.855309784412384
"Finnish consulting and engineering group Poyry Plc ( OMX Helsinki : POY ) said on Wednesday ( 1 October ) that it has been awarded a contract by Tanqia Dibba FZC as owner-engineer for the wastewater system of Dibba , Emirate of Fujairah , UAE .",POSITIVE,NEUTRAL,0.886906087398529
It is now the leading private road ambulance service company in Finland .,POSITIVE,POSITIVE,0.8217063546180725
"The pilot project proved that RIFD technology is ideal for our purposes '' , comments Olli Saarinen , Material Handling Supervisor at Yara .",POSITIVE,POSITIVE,0.9040355086326599
"Mr Priit Kasak , Balti Metsamasina 's owner , said the Rakvere-based company wishes to increase Valmet 's market share from 27 % to a third in a couple of years .",POSITIVE,NEUTRAL,0.7622541189193726
Nordea sees a return to positive growth for the Baltic countries in 2011 .,POSITIVE,POSITIVE,0.7091034054756165
"Meanwhile , Nokia said that it will be able to deliver a complete range of services from deployment operations to consulting and integration to managed services as a result of the buyout .",POSITIVE,POSITIVE,0.6533747911453247
SCANIA Morgan Stanley lifted the share target on Swedish heavy-duty truck and bus maker Scania AB to 330 crowns ( $ 42.4 - 35.2 euro ) from 310 crowns ( $ 39.8 - 33.1 euro ) .,POSITIVE,NEUTRAL,0.8384363055229187
"Handelsbanken ranked before Local Cooperative Banks and Aktia in customer loyalty this time too , however .",POSITIVE,NEUTRAL,0.8385000824928284
credit 20 November 2009 - Finnish glass technology company Glaston Oyj Abp ( HEL : GLA1V ) said today it concluded a EUR74m revolving credit facility agreement with its core banks .,POSITIVE,NEUTRAL,0.9136384725570679
Finnish consumer packaging manufacturer Huhtamaki Oyj said it swung to a net profit of 84.1 mln euro $ 105.6 mln in the first nine months of 2006 from a net loss of 2.6 mln euro $ 3.3 mln in the same period of 2005 .,POSITIVE,NEUTRAL,0.8818665146827698
"Kalnapilio-Tauro Grupe ( Kalnapilis-Tauras Group ) , which is owned by Denmark 's Royal Unibrew , raised its market share to 25.18 percent from 23.74 percent , as beer sales for the seven months jumped by 14.5 percent to 40.5 million liters .",POSITIVE,NEUTRAL,0.6022219061851501
"Growth was strongest in F-Secure 's operator ISPs , mobile operators and cable operators business .",POSITIVE,POSITIVE,0.8629644513130188
"Both operating profit and net sales for the 12-month period increased , respectively from EUR4 .7 m and EUR26 .7 m , as compared to 2004 .",POSITIVE,NEUTRAL,0.6252508163452148
Most of the increase in net sales was due to the acquisition of Swedish Silva that produces garden tools and boats .,POSITIVE,POSITIVE,0.5681878328323364
The company aims to maintain this trend in profitability during the current year .,POSITIVE,POSITIVE,0.6524211764335632
The main strength of the cooperation project lies in merging the know-how of two large companies .,POSITIVE,POSITIVE,0.7908462882041931
Construction volumes meanwhile grow at a rate of 10-15 percent annually .,POSITIVE,NEUTRAL,0.6351633667945862
This new partnership agreement represents a significant milestone for both parties .,POSITIVE,POSITIVE,0.9640946984291077
"In December alone , the members of the Lithuanian Brewers ' Association sold a total of 20.3 million liters of beer , an increase of 1.9 percent from the sales of 19.92 million liters in December 2004 .",POSITIVE,NEUTRAL,0.7122848629951477
"The Australian company Mirabela Nickel has awarded Outokumpu Technology a contract for grinding technology for its nickel sulfide project in Bahia State , Brazil .",POSITIVE,NEUTRAL,0.904623806476593
"Sales are expected to increase in the end of the year 2006 , however .",POSITIVE,NEUTRAL,0.6784429550170898
Orion Pharma 's operating profit increased by 42.5 % from 2004 .,POSITIVE,POSITIVE,0.8043286204338074
"Previously , the company had guided for EBIT and sales growth of 20 pct and 10 pct respectively for this year .",POSITIVE,NEUTRAL,0.6278765797615051
`` We 've been feeling quite positive about the region as a whole .,POSITIVE,POSITIVE,0.9435268044471741
"`` This is a significant milestone for Benefon , helping us to secure critical USP 's for our personal navigation product roadmap for 2007 and beyond , '' commented Simon Button , Chief Technology Officer at Benefon .",POSITIVE,POSITIVE,0.9358319640159607
"The airline has ordered nine Airbus A350-900 aircraft with deliveries from 2011 , and in doing so becomes the lead airline for the latest variant of Rolls-Royce Trent series engines , called the 1700 .",POSITIVE,NEUTRAL,0.5256052613258362
Productional situation has now improved .,POSITIVE,POSITIVE,0.7985730767250061
The company said it observed a current stabilisation in prices and there is potential for higher prices for deliveries in the first quarter of 2011 .,POSITIVE,NEUTRAL,0.7327352166175842
"Mobile phone shipments jumped 26 percent to almost 112 million units , while Finnish company 's global market share rose to 39 percent from 36 percent .",POSITIVE,POSITIVE,0.7627467513084412
"Net sales totaled EUR 93.6 mn , up from EUR 93.2 mn in the corresponding period in 2005 .",POSITIVE,NEUTRAL,0.7611818909645081
"Net sales went up by 1 % year-on-year to EUR 29 million , affected by the business acquisitions , realized during the previous financial period , the effect of which was EUR 5.1 million on the review period .",POSITIVE,NEUTRAL,0.7728517651557922
Passenger-related revenue rose by 5.1 % to EUR 460.8 mn from EUR 438.5 mn in 2009 .,POSITIVE,POSITIVE,0.577157199382782
"Finnish IT consultancy Satama Interactive Oyj posted a net profit of 1.4 mln euro $ 2.0 mln for the first nine months of 2007 , compared to a net loss of 462,000 euro $ 664,000 for the same period of 2006 .",POSITIVE,NEUTRAL,0.8249144554138184
"Cencorp estimates that its net sales in the last quarter will be as earlier stated , EUR4 .3 m to EUR5 .0 m , and operating profit (EBIT)is estimated to be positive .",POSITIVE,POSITIVE,0.6423490047454834
Earnings per share were higher at 0.48 against 0.37 a year before and ahead of market consensus of 0.40 eur .,POSITIVE,NEUTRAL,0.7073953151702881
"STX Finland Oy signed a a preliminary agreement for the building of an environmentally friendly , new generation cruise ferry for Viking Line to manage on between Turku , Finland , and Stockholm , Sweden withViking Line ABP .",POSITIVE,NEUTRAL,0.779159426689148
"Significance : Teleste has emphasised that with its large size and growing economy , as well as the rapid development of its TV services distribution industry , Poland is viewed as an attractive market .",POSITIVE,POSITIVE,0.8973453044891357
"The German company has also signed a code share agreement with another Oneworld member -- American Airlines Inc , part of US-based AMR Corp ( NYSE : AMR ) .",POSITIVE,NEUTRAL,0.8104051351547241
"This truly takes efficiency to new heights , '' Mr. Metso adds .",POSITIVE,POSITIVE,0.8970969319343567
21 December 2010 - Finnish industrial machinery company Wartsila Oyj Abp HEL : WRT1V said yesterday it had won an order to design a liquefied natural gas LNG powered platform supply vessel PSV for Norwegian oil service provider Eidesvik Offshore ASA OSL : EIOF .,POSITIVE,NEUTRAL,0.9219964742660522
"The company said that its investments in the new market areas resulted in sales increase in Sweden , Poland , Russia and Lithuania .",POSITIVE,POSITIVE,0.6844978928565979
"Separately , YIT Corporation and Austrian firm E AG last week signed an agreement on the sale of E 's building system service business in Germany , Austria , Poland , the Czech Republic , Hungary and Romania for EUR 55 mln .",POSITIVE,NEUTRAL,0.9357758164405823
"Earnings per share for January-June 2010 were EUR0 .30 , an increase of 20 % year-on-year EUR0 .25 .",POSITIVE,NEUTRAL,0.6327582001686096
Olvi expects sales and market share to increase in the first quarter of 2010 .,POSITIVE,NEUTRAL,0.6687427163124084
"Via the takeover , Panostaja further expands its business area specialising in digital printing , which since previously consists of the subsidiaries Kopijyva Oy and Sokonet Oy .",POSITIVE,NEUTRAL,0.5246680974960327
"Kesko Agro Lietuva , the agricultural machinery and grain trader and another member of the Kesko Group , boosted its sales by 42.9 percent to 13.4 million euros , VAT inclusive .",POSITIVE,POSITIVE,0.5913311839103699
The rebuilds are designed to improve the machines ' performance and product quality .,POSITIVE,POSITIVE,0.521817147731781
The representative body of Swedish Meats approved an improved offer from Finnish HK Ruokatalo to acquire the company .,POSITIVE,NEUTRAL,0.7000886797904968
Diluted earnings per share ( EPS ) rose to EUR 3.68 from EUR 0.50 .,POSITIVE,NEUTRAL,0.8058412075042725
The transactions would increase earnings per share in the first quarter by some EUR0 .28 .,POSITIVE,NEUTRAL,0.7385251522064209
"Continuing operations turned an operating loss of EUR 0.1 mn , a slight improvement from a loss of EUR 0.2 mn a year earlier .",POSITIVE,NEUTRAL,0.8030080795288086
`` The purchase of the operations is part of YIT 's strategy to expand its offering of building system services geographically . '',POSITIVE,NEUTRAL,0.7896981239318848
Orders received grew by 55 % year-on-year to EUR732m .,POSITIVE,POSITIVE,0.6935505867004395
"The upgrade is intended to raise the network capacity from 450 MHz to 630 MHz in several cities , enabling bi-directional services for digital television as well as broadband data .",POSITIVE,NEUTRAL,0.5253069400787354
`` The trend in the sports and leisure markets was favorable in the first months of the year .,POSITIVE,POSITIVE,0.8548122644424438
"Via the Satlan acquisition , Teleste plans to further expand its market presence as a video services partner for cable operators , broadcasters and IPTV service providers .",POSITIVE,POSITIVE,0.5063161849975586
"Ragutis , which is based in Lithuania 's second-largest city Kaunas , boosted its sales last year 22.3 per cent to 36.4 million liters .",POSITIVE,POSITIVE,0.7478210926055908
"According to Viking Line 's Managing Director , Nils-Erik Eklund , the company 's Board of Directors is very satisfied with Viking Line 's performance .",POSITIVE,POSITIVE,0.9359601140022278
Operating profit margin increased from 11.2 % to 11.7 % .,POSITIVE,POSITIVE,0.5244875550270081
The concept enables a commercially affordable way to manufacture high-quality TCO coated glass for the solar industry .,POSITIVE,POSITIVE,0.7253385186195374
"Investors will continue being interested in the company 's share although it is not quite cheap , Affarsvarlden said .",POSITIVE,NEUTRAL,0.8086639046669006
Diluted earnings per share ( EPS ) rose to EUR 0.52 versus EUR 0.09 .,POSITIVE,NEUTRAL,0.8585883975028992
Diluted earnings per share ( EPS ) rose to EUR 0.29 from EUR 0.05 .,POSITIVE,NEUTRAL,0.8410351276397705
"Known as Post Bank , the concept would see Fidelity Bank rolling out 75 offices in Ghana Post premises , to provide financial services to the people .",POSITIVE,NEUTRAL,0.7435371279716492
"`` We have analyzed Kaupthing Bank Sweden and found a business which fits well into Alandsbanken , '' said Alandsbanken 's chief executive Peter Wiklof in a statement .",POSITIVE,NEUTRAL,0.5137778520584106
"Both operating profit and turnover for the three-month period increased , respectively from EUR0 .9 m and EUR8 .3 m , as compared to the corresponding period in 2005 .",POSITIVE,NEUTRAL,0.6460055112838745
"However , sales volumes in the food industry are expected to remain at relatively good levels in Finland and in Scandinavia , Atria said .",POSITIVE,POSITIVE,0.6694495677947998
"Arvo Vuorenmaa , the Loviisa plant 's general manager said the application for the new licence was a `` standard '' procedure and that he was `` quite confident '' about approval being granted .",POSITIVE,NEUTRAL,0.5531718134880066
"Operating profit was EUR 139.7 mn , up 23 % from EUR 113.8 mn .",POSITIVE,POSITIVE,0.6191628575325012
Increased trust of our clients in YIT can be seen as apartment sales accelerated .,POSITIVE,POSITIVE,0.8748878836631775
Clothing chain Sepp+ñl+ñ 's net sales increased by 7.0 % to EUR 30.8 mn .,POSITIVE,POSITIVE,0.5718430876731873
"In China , Finnish Kone that provides elevators , escalators , and solutions for modernisation and maintenance will build 342 escalators that will be installed in a high-speed railway section between Beijing and Shanghai in a 1.5 years ' time .",POSITIVE,NEUTRAL,0.7832124829292297
"Consolidated operating profit excluding one-off items was EUR 30.6 mn , up from EUR 29.6 mn a year earlier .",POSITIVE,NEUTRAL,0.674961507320404
The Finnish group anticipates a sales gain of EUR42m after tax and expenses .,POSITIVE,NEUTRAL,0.7959679961204529
The growth of net sales in the first half of 2008 has been 28 % compared with the first half of 2007 .,POSITIVE,NEUTRAL,0.7569645643234253
"In the reporting period , net sales rose by 8 % year-on-year to EUR64 .3 m , due to the business acquisitions realized during the first half of 2008-09 , the effect of which was EUR10 .9 m in the review period .",POSITIVE,POSITIVE,0.7244651317596436
Sanoma Magazines Finland 's net sales grew to EUR 140.1 mn from EUR 131.8 mn .,POSITIVE,NEUTRAL,0.5482822060585022
Stora Enso 's third-quarter pre-tax profit doubled to EUR 197mn .,POSITIVE,NEUTRAL,0.7634424567222595
"The combination of all services enabling us to offer a complex and strengthened service chain not only limited to the Baltic port connections but also for getting access to the world wide Grimaldi Network into the Mediterranean , Africa and North America `` says Uwe Bakosch .",POSITIVE,POSITIVE,0.5510295033454895
"The brokerage said 2006 has seen a ` true turning point ' in European steel base prices , with better pricing seen carrying through the second quarter of 2006 .",POSITIVE,POSITIVE,0.7230753302574158
Pretax profit jumped to EUR 21.9 million from EUR 3.1 million .,POSITIVE,NEUTRAL,0.6101391315460205
8 May 2009 - Finnish liquid handling products and diagnostic test systems maker Biohit Oyj ( HEL : BIOBV ) said today ( 8 May 2009 ) its net loss narrowed to EUR0 .1 m ( USD0 .14 m ) for the first quarter of 2009 from EUR0 .4 m for the same period of 2008 .,POSITIVE,NEUTRAL,0.7157852053642273
"Cash flow from operations totalled EUR 7.4 mn , compared to a negative EUR 68.6 mn in the second quarter of 2008 .",POSITIVE,NEUTRAL,0.8421434760093689
"As part of the transaction , M-real and Sappi have also signed a long-term agreement on the supply of pulp and BCTMP and other smaller services and supplies .",POSITIVE,NEUTRAL,0.8129714727401733
"In Sweden , operating profit for the period under review totaled EUR 3.4 mn , up 30.8 % from the corresponding period in 2005 .",POSITIVE,NEUTRAL,0.5854930877685547
"Order intake grew by 40 % year-on-year and 30 % year-on-year , respectively , to EUR 576 million and EUR 1.7 billion for the respective January-September and July-September 2010 periods .",POSITIVE,NEUTRAL,0.5654381513595581
"In January-September 2010 , Fiskars ' net profit went up by 14 % year-on-year to EUR 65.4 million and net sales to EUR 525.3 million from EUR 487.7 million .",POSITIVE,POSITIVE,0.5679144263267517
"Commission income increased by 22 % to EUR 4.4 mn , and lending volume rose by 13.5 % .",POSITIVE,POSITIVE,0.8319902420043945
"However , the bottom-line result improved thanks to positive financial items .",POSITIVE,POSITIVE,0.9583802223205566
"ADP News - Nov 13 , 2008 - Finnish printed circuit board PCB maker Aspocomp Group Oyj OMX : ACG1V said today that its net loss narrowed to EUR 2 million USD 2.5 m in the first nine months of 2008 from EUR 57",POSITIVE,NEUTRAL,0.7447779774665833
"Meanwhile , Electrowatt-Ekono Philippines , Inc. was also awarded a three-year operation and maintenance ( O&M ) contract by FR Cement Corporation .",POSITIVE,NEUTRAL,0.8395357728004456
Profit for the period increased from EUR 2.9 mn to EUR 10.5 mn .,POSITIVE,NEUTRAL,0.648414671421051
